Date;gr;tmin;tmax;pr;pe
01.01.2000T00:00:00+00:00;0.000294055;23;17;0;0.0021838091
02.01.2000T00:00:00+00:00;0.00354655;25.1;16.9;0;0.0021838091
03.01.2000T00:00:00+00:00;0.004967916;24.5;16.3;0;0.0021838091
04.01.2000T00:00:00+00:00;0.0029449;23.8;18;0;0.0021838091
05.01.2000T00:00:00+00:00;0.0018370646;25.6;20.1;0.0007874;0.0021838091
06.01.2000T00:00:00+00:00;0.0012057668;27.5;20;0;0.0021838091
07.01.2000T00:00:00+00:00;0.0008308108;23.4;19;0.0007874;0.0021838091
08.01.2000T00:00:00+00:00;0.0006013594;25.3;19;0.00098425;0.0021838091
09.01.2000T00:00:00+00:00;0.0004512494;26.9;20;0.001476375;0.0021838091
10.01.2000T00:00:00+00:00;0.0003504588;25.6;20;0.001476375;0.0021838091
11.01.2000T00:00:00+00:00;0.0002799212;27.6;21;0.0007874;0.0021838091
12.01.2000T00:00:00+00:00;0.0002299812;28.1;21;0;0.0021838091
13.01.2000T00:00:00+00:00;0.000190227;24.8;18;0.0007874;0.0021838091
14.01.2000T00:00:00+00:00;0.0001603933;23;18;0.001476375;0.0021838091
15.01.2000T00:00:00+00:00;0.0001383624;28.7;21.2;0;0.0021838091
16.01.2000T00:00:00+00:00;0.0001212935;27.7;16;0;0.0021838091
17.01.2000T00:00:00+00:00;0.0001062203;16.5;12.6;0.0007874;0.0021838091
18.01.2000T00:00:00+00:00;9.33718E-005;15.6;12.4;0.0007874;0.0021838091
19.01.2000T00:00:00+00:00;8.260332E-005;17.4;13;0;0.0021838091
20.01.2000T00:00:00+00:00;7.279576E-005;15.2;12;0;0.0021838091
21.01.2000T00:00:00+00:00;6.492476E-005;13.5;11.9;0.001279525;0.0021838091
22.01.2000T00:00:00+00:00;5.869878E-005;19;12.9;0.000492125;0.0021838091
23.01.2000T00:00:00+00:00;0.0000537;22.9;16;0;0.0021838091
24.01.2000T00:00:00+00:00;4.982794E-005;24.1;17;0;0.0021838091
25.01.2000T00:00:00+00:00;4.628766E-005;18.5;14;0.000295275;0.0021838091
26.01.2000T00:00:00+00:00;4.28793E-005;15.5;12;0;0.0021838091
27.01.2000T00:00:00+00:00;3.981878E-005;15.5;11;0;0.0021838091
28.01.2000T00:00:00+00:00;3.684928E-005;15;10.7;0;0.0021838091
29.01.2000T00:00:00+00:00;3.452648E-005;13.4;12;0;0.0021838091
30.01.2000T00:00:00+00:00;0.000032638;14;11;0.0007874;0.0021838091
31.01.2000T00:00:00+00:00;3.086284E-005;11.8;9;0.0007874;0.0021838091
01.02.2000T00:00:00+00:00;2.922012E-005;17.1;9;0;0.001754019
02.02.2000T00:00:00+00:00;2.776568E-005;19;9.9;0;0.001754019
03.02.2000T00:00:00+00:00;2.658578E-005;21.6;11.5;0;0.001754019
04.02.2000T00:00:00+00:00;2.551554E-005;21.2;14.3;0;0.001754019
05.02.2000T00:00:00+00:00;2.460172E-005;18.9;14;0.000295275;0.001754019
06.02.2000T00:00:00+00:00;2.362176E-005;17;13;0;0.001754019
07.02.2000T00:00:00+00:00;2.285946E-005;17.6;13.5;0;0.001754019
08.02.2000T00:00:00+00:00;2.210826E-005;18.7;14;0;0.001754019
09.02.2000T00:00:00+00:00;0.000021313;18.9;14;0;0.001754019
10.02.2000T00:00:00+00:00;2.053026E-005;19.5;14.4;0;0.001754019
11.02.2000T00:00:00+00:00;1.989144E-005;19.6;14.7;0.0007874;0.001754019
12.02.2000T00:00:00+00:00;1.9296296E-005;23.7;17.5;0;0.001754019
13.02.2000T00:00:00+00:00;1.8615086E-005;28;18.4;0;0.001754019
14.02.2000T00:00:00+00:00;1.78948E-005;23.2;18;0.0007874;0.001754019
15.02.2000T00:00:00+00:00;1.7255944E-005;19.3;15;0;0.001754019
16.02.2000T00:00:00+00:00;1.667761E-005;16.8;13;0.000492125;0.001754019
17.02.2000T00:00:00+00:00;1.6044568E-005;15.5;12.9;0.002066925;0.001754019
18.02.2000T00:00:00+00:00;1.5474554E-005;19.3;14.9;0.001279525;0.001754019
19.02.2000T00:00:00+00:00;1.4958662E-005;22;16.7;0.001476375;0.001754019
20.02.2000T00:00:00+00:00;1.4347744E-005;28;16;0.0007874;0.001754019
21.02.2000T00:00:00+00:00;1.3765608E-005;17.3;15.4;0.002066925;0.001754019
22.02.2000T00:00:00+00:00;1.3213714E-005;19.7;15.3;0.00374015;0.001754019
23.02.2000T00:00:00+00:00;1.260623E-005;20;14;0.00098425;0.001754019
24.02.2000T00:00:00+00:00;1.1953704E-005;16.3;12.8;0.001476375;0.001754019
25.02.2000T00:00:00+00:00;1.1464786E-005;17;12.5;0.001279525;0.001754019
26.02.2000T00:00:00+00:00;1.0944702E-005;14.9;11;0.00255905;0.001754019
27.02.2000T00:00:00+00:00;1.0457586E-005;12.3;10;0.002066925;0.001754019
28.02.2000T00:00:00+00:00;9.914462E-006;15;9.3;0.00374015;0.0019197015
29.02.2000T00:00:00+00:00;9.445754E-006;12.1;9.6;0.013877925;0.0019197015
01.03.2000T00:00:00+00:00;9.069252E-006;12.3;9.3;0.00098425;0.0019197015
02.03.2000T00:00:00+00:00;8.704408E-006;17;10.8;0.0007874;0.0019197015
03.03.2000T00:00:00+00:00;8.263088E-006;19.4;13.8;0.0007874;0.0019197015
04.03.2000T00:00:00+00:00;7.899518E-006;22;16.5;0.001279525;0.0019197015
05.03.2000T00:00:00+00:00;7.630668E-006;23.4;18.7;0.0007874;0.0019197015
06.03.2000T00:00:00+00:00;0.000007352;25.5;19.5;0.0007874;0.0019197015
07.03.2000T00:00:00+00:00;7.10065E-006;25.6;19;0;0.0019197015
08.03.2000T00:00:00+00:00;6.858352E-006;22.4;19;0;0.0019197015
09.03.2000T00:00:00+00:00;6.631452E-006;20.5;18;0.0090551;0.0019197015
10.03.2000T00:00:00+00:00;6.39105E-006;20.8;18;0.003051175;0.0019197015
11.03.2000T00:00:00+00:00;6.13978E-006;19;15;0.007578725;0.0019197015
12.03.2000T00:00:00+00:00;5.872388E-006;20.6;15;0.001476375;0.0019197015
13.03.2000T00:00:00+00:00;5.596186E-006;22;16.2;0.00098425;0.0019197015
14.03.2000T00:00:00+00:00;5.355364E-006;24.5;18.4;0.0007874;0.0019197015
15.03.2000T00:00:00+00:00;0.000005162;25;19.8;0;0.0019197015
16.03.2000T00:00:00+00:00;4.925338E-006;26.5;19;0.00098425;0.0019197015
17.03.2000T00:00:00+00:00;4.65927E-006;19.8;18;0.000295275;0.0019197015
18.03.2000T00:00:00+00:00;4.423612E-006;20.5;18.4;0.003051175;0.0019197015
19.03.2000T00:00:00+00:00;4.232352E-006;21;19;0.0027559;0.0019197015
20.03.2000T00:00:00+00:00;4.009712E-006;22;19.6;0.003051175;0.0019197015
21.03.2000T00:00:00+00:00;3.798856E-006;25.8;21;0.0007874;0.0019197015
22.03.2000T00:00:00+00:00;3.679256E-006;26.4;21.9;0;0.0019197015
23.03.2000T00:00:00+00:00;3.515892E-006;26.7;19;0.001476375;0.0019197015
24.03.2000T00:00:00+00:00;0.00000337;20;18;0.0007874;0.0019197015
25.03.2000T00:00:00+00:00;3.234334E-006;19.5;16;0;0.0019197015
26.03.2000T00:00:00+00:00;3.089794E-006;22.1;16.9;0.0007874;0.0019197015
27.03.2000T00:00:00+00:00;2.969736E-006;27.1;17;0;0.0019197015
28.03.2000T00:00:00+00:00;2.837086E-006;29.2;18.4;0;0.0019197015
29.03.2000T00:00:00+00:00;2.703928E-006;31;17;0;0.0019197015
30.03.2000T00:00:00+00:00;2.541156E-006;29.4;19.5;0;0.0022563977
31.03.2000T00:00:00+00:00;2.408634E-006;27.9;21;0.001476375;0.0022563977
01.04.2000T00:00:00+00:00;2.337274E-006;31.1;23;0;0.0022563977
02.04.2000T00:00:00+00:00;2.256258E-006;31.8;24;0;0.0022563977
03.04.2000T00:00:00+00:00;2.179234E-006;28;22;0;0.0022563977
04.04.2000T00:00:00+00:00;2.119778E-006;26.1;20;0.0007874;0.0022563977
05.04.2000T00:00:00+00:00;2.06337E-006;26.2;20;0;0.0022563977
06.04.2000T00:00:00+00:00;1.998549E-006;24.8;20;0;0.0022563977
07.04.2000T00:00:00+00:00;1.951636E-006;22.3;19;0.001476375;0.0022563977
08.04.2000T00:00:00+00:00;1.8921802E-006;24.6;20;0.0027559;0.0022563977
09.04.2000T00:00:00+00:00;1.8240592E-006;28.1;21.9;0;0.0022563977
10.04.2000T00:00:00+00:00;1.7785436E-006;26;20.6;0.0027559;0.0022563977
11.04.2000T00:00:00+00:00;1.740454E-006;23.5;21;0.00610235;0.0022563977
12.04.2000T00:00:00+00:00;1.673114E-006;29.5;22;0.0007874;0.0022563977
13.04.2000T00:00:00+00:00;1.6168766E-006;28.5;23;0.007775575;0.0022563977
14.04.2000T00:00:00+00:00;1.5836462E-006;31.3;23;0.0007874;0.0022563977
15.04.2000T00:00:00+00:00;0.000001527;25.2;19;0.0070866;0.0022563977
16.04.2000T00:00:00+00:00;1.482486E-006;24.8;19;0.0007874;0.0022563977
17.04.2000T00:00:00+00:00;1.4444012E-006;27.8;20.1;0;0.0022563977
18.04.2000T00:00:00+00:00;1.4113824E-006;30.6;22;0;0.0022563977
19.04.2000T00:00:00+00:00;1.3625696E-006;31.7;23.5;0;0.0022563977
20.04.2000T00:00:00+00:00;1.3346562E-006;30.8;25;0;0.0022563977
21.04.2000T00:00:00+00:00;1.3007574E-006;29.1;24;0.00098425;0.0022563977
22.04.2000T00:00:00+00:00;1.278195E-006;31.5;25;0.0007874;0.0022563977
23.04.2000T00:00:00+00:00;1.2408758E-006;31.8;23;0.0007874;0.0022563977
24.04.2000T00:00:00+00:00;1.2100576E-006;32.9;25;0;0.0022563977
25.04.2000T00:00:00+00:00;0.000001191;34.9;24;0.03681095;0.0022563977
26.04.2000T00:00:00+00:00;1.1671364E-006;33.5;21;0.0027559;0.0022563977
27.04.2000T00:00:00+00:00;1.1390862E-006;23.9;20;0.0842518;0.0022563977
28.04.2000T00:00:00+00:00;0.000032378;28.4;21;0.002066925;0.0022563977
29.04.2000T00:00:00+00:00;4.688862E-005;32.8;24;0.000492125;0.0030433891
30.04.2000T00:00:00+00:00;7.912922E-005;33.6;25;0;0.0030433891
01.05.2000T00:00:00+00:00;0.0001316017;34.6;25;0;0.0030433891
02.05.2000T00:00:00+00:00;0.0001771373;32.1;23;0;0.0030433891
03.05.2000T00:00:00+00:00;0.0002108896;32.1;23;0;0.0030433891
04.05.2000T00:00:00+00:00;0.0002149042;32.6;24;0;0.0030433891
05.05.2000T00:00:00+00:00;0.0001995243;31.9;25;0;0.0030433891
06.05.2000T00:00:00+00:00;0.0001729929;33.4;24;0.00098425;0.0030433891
07.05.2000T00:00:00+00:00;0.0001472723;32.3;25;0.0007874;0.0030433891
08.05.2000T00:00:00+00:00;0.0001258993;34.5;25;0.0007874;0.0030433891
09.05.2000T00:00:00+00:00;0.0001086243;35.3;24;0;0.0030433891
10.05.2000T00:00:00+00:00;9.527182E-005;33.6;24;0.000295275;0.0030433891
11.05.2000T00:00:00+00:00;8.395124E-005;32.1;22;0;0.0030433891
12.05.2000T00:00:00+00:00;7.45664E-005;28.6;23;0.0188976;0.0030433891
13.05.2000T00:00:00+00:00;6.66157E-005;29.7;23;0.001476375;0.0030433891
14.05.2000T00:00:00+00:00;0.000059225;31.4;23;0.000492125;0.0030433891
15.05.2000T00:00:00+00:00;5.24792E-005;31.6;25;0.0027559;0.0030433891
16.05.2000T00:00:00+00:00;4.700878E-005;32.5;22;0.001476375;0.0030433891
17.05.2000T00:00:00+00:00;4.238908E-005;25;21;0.028051125;0.0030433891
18.05.2000T00:00:00+00:00;3.830962E-005;25.5;22;0.0055118;0.0030433891
19.05.2000T00:00:00+00:00;3.477994E-005;28.1;21;0.0007874;0.0030433891
20.05.2000T00:00:00+00:00;3.165114E-005;29;18;0;0.0030433891
21.05.2000T00:00:00+00:00;2.880894E-005;22.8;19;0.005807075;0.0030433891
22.05.2000T00:00:00+00:00;2.656382E-005;27;20.9;0.000492125;0.0030433891
23.05.2000T00:00:00+00:00;2.458758E-005;30.4;22.2;0.00177165;0.0030433891
24.05.2000T00:00:00+00:00;2.28535E-005;30.7;25;0;0.0030433891
25.05.2000T00:00:00+00:00;2.113338E-005;35.4;24;0.0007874;0.0030433891
26.05.2000T00:00:00+00:00;0.000019634;38;27;0;0.0030433891
27.05.2000T00:00:00+00:00;1.8486824E-005;36;24;0;0.0030433891
28.05.2000T00:00:00+00:00;1.7398058E-005;33.8;23;0;0.0030433891
29.05.2000T00:00:00+00:00;1.6316228E-005;32.6;23;0.028247975;0.0030433891
30.05.2000T00:00:00+00:00;1.536342E-005;34;24.3;0.011909425;0.0030893209
31.05.2000T00:00:00+00:00;1.4449164E-005;32.5;25;0;0.0030893209
01.06.2000T00:00:00+00:00;1.3626402E-005;33.8;24;0.003051175;0.0030893209
02.06.2000T00:00:00+00:00;1.2768546E-005;31.6;24;0.01161415;0.0030893209
03.06.2000T00:00:00+00:00;0.000017685;32.7;24;0.01870075;0.0030893209
04.06.2000T00:00:00+00:00;1.4920132E-005;33.8;24;0;0.0030893209
05.06.2000T00:00:00+00:00;1.4056456E-005;34.3;26;0;0.0030893209
06.06.2000T00:00:00+00:00;1.3021408E-005;35.9;26;0;0.0030893209
07.06.2000T00:00:00+00:00;1.3007498E-005;35.1;24;0.002066925;0.0030893209
08.06.2000T00:00:00+00:00;1.2810906E-005;35.2;23;0.0007874;0.0030893209
09.06.2000T00:00:00+00:00;1.2681508E-005;34.2;26;0;0.0030893209
10.06.2000T00:00:00+00:00;1.3473866E-005;35.7;26;0;0.0030893209
11.06.2000T00:00:00+00:00;1.376758E-005;33.1;21;0.004035425;0.0030893209
12.06.2000T00:00:00+00:00;1.321067E-005;28.7;21;0.0188976;0.0030893209
13.06.2000T00:00:00+00:00;1.294732E-005;26.4;22;0.00374015;0.0030893209
14.06.2000T00:00:00+00:00;1.2938118E-005;28.4;22.8;0.0007874;0.0030893209
15.06.2000T00:00:00+00:00;1.2643572E-005;29.8;23;0;0.0030893209
16.06.2000T00:00:00+00:00;1.1748432E-005;28.9;23;0.00098425;0.0030893209
17.06.2000T00:00:00+00:00;1.0969278E-005;30.2;23;0;0.0030893209
18.06.2000T00:00:00+00:00;1.0198924E-005;32.9;24.9;0.0007874;0.0030893209
19.06.2000T00:00:00+00:00;9.601518E-006;34.6;25;0;0.0030893209
20.06.2000T00:00:00+00:00;9.084052E-006;33.9;24;0;0.0030893209
21.06.2000T00:00:00+00:00;8.554848E-006;33.1;25;0.00374015;0.0030893209
22.06.2000T00:00:00+00:00;8.110458E-006;35.6;24;0;0.0030893209
23.06.2000T00:00:00+00:00;7.740676E-006;35.4;24.5;0.0330708;0.0030893209
24.06.2000T00:00:00+00:00;7.442574E-006;34.2;24;0;0.0030893209
25.06.2000T00:00:00+00:00;0.000007152;33.4;23;0.003051175;0.0030893209
26.06.2000T00:00:00+00:00;1.7373812E-005;31.6;24.3;0.03562985;0.0030893209
27.06.2000T00:00:00+00:00;0.000048312;31.4;24;0.010137775;0.0030893209
28.06.2000T00:00:00+00:00;8.852388E-005;32.7;25;0.004035425;0.0030893209
29.06.2000T00:00:00+00:00;0.0001258698;34.1;25;0.0007874;0.003005718
30.06.2000T00:00:00+00:00;0.0001404556;34.6;25;0;0.003005718
01.07.2000T00:00:00+00:00;0.0001457148;34.9;26;0;0.003005718
02.07.2000T00:00:00+00:00;0.0001326281;34.4;27;0;0.003005718
03.07.2000T00:00:00+00:00;0.0001149791;35.1;27;0;0.003005718
04.07.2000T00:00:00+00:00;9.905212E-005;34.5;26;0;0.003005718
05.07.2000T00:00:00+00:00;8.56186E-005;36.2;27;0;0.003005718
06.07.2000T00:00:00+00:00;7.288552E-005;35.5;27.9;0;0.003005718
07.07.2000T00:00:00+00:00;6.291806E-005;36.5;26;0;0.003005718
08.07.2000T00:00:00+00:00;5.39882E-005;35.3;25;0.02775585;0.003005718
09.07.2000T00:00:00+00:00;0.000047239;34.6;25;0.0188976;0.003005718
10.07.2000T00:00:00+00:00;0.000041262;34.5;24;0.0007874;0.003005718
11.07.2000T00:00:00+00:00;3.592248E-005;33;25;0.010334625;0.003005718
12.07.2000T00:00:00+00:00;3.153974E-005;31.8;24.3;0;0.003005718
13.07.2000T00:00:00+00:00;2.788344E-005;32.1;25;0.00610235;0.003005718
14.07.2000T00:00:00+00:00;2.478656E-005;33.6;25;0;0.003005718
15.07.2000T00:00:00+00:00;2.215522E-005;34;24;0.00098425;0.003005718
16.07.2000T00:00:00+00:00;1.9809522E-005;34.6;24;0;0.003005718
17.07.2000T00:00:00+00:00;1.786294E-005;33.1;25.2;0.00452755;0.003005718
18.07.2000T00:00:00+00:00;0.000016114;37.4;27;0;0.003005718
19.07.2000T00:00:00+00:00;1.4648466E-005;32.6;24;0;0.003005718
20.07.2000T00:00:00+00:00;1.3331936E-005;30.8;24;0.025492075;0.003005718
21.07.2000T00:00:00+00:00;1.2746314E-005;29.6;22;0.007775575;0.003005718
22.07.2000T00:00:00+00:00;9.428908E-005;29.1;23;0.031791275;0.003005718
23.07.2000T00:00:00+00:00;0.0007614138;28.9;24;0.0437007;0.003005718
24.07.2000T00:00:00+00:00;0.002547464;32.3;24;0.005019675;0.003005718
25.07.2000T00:00:00+00:00;0.00216602;34.5;26;0.0007874;0.003005718
26.07.2000T00:00:00+00:00;0.0014578404;35;26;0;0.003005718
27.07.2000T00:00:00+00:00;0.000994034;35.4;27;0;0.003005718
28.07.2000T00:00:00+00:00;0.0006206348;35.4;26;0.0007874;0.003005718
29.07.2000T00:00:00+00:00;0.0003921992;35.5;26;0;0.003005718
30.07.2000T00:00:00+00:00;0.0002712436;32;24;0;0.0026167042
31.07.2000T00:00:00+00:00;0.0002013456;33.8;22;0.00610235;0.0026167042
01.08.2000T00:00:00+00:00;0.0001544389;33.9;26;0.002066925;0.0026167042
02.08.2000T00:00:00+00:00;0.0001228859;32.6;26.7;0.004822825;0.0026167042
03.08.2000T00:00:00+00:00;9.934232E-005;33.1;27;0;0.0026167042
04.08.2000T00:00:00+00:00;0.000195976;29.1;23;0.049704625;0.0026167042
05.08.2000T00:00:00+00:00;0.0004807282;31.4;24;0;0.0026167042
06.08.2000T00:00:00+00:00;0.0004566068;28.8;25;0.00255905;0.0026167042
07.08.2000T00:00:00+00:00;0.0003756372;28.4;24;0.01437005;0.0026167042
08.08.2000T00:00:00+00:00;0.0003310736;31.1;24.7;0.004035425;0.0026167042
09.08.2000T00:00:00+00:00;0.0003536048;33.5;25.8;0;0.0026167042
10.08.2000T00:00:00+00:00;0.000324243;34.6;27;0;0.0026167042
11.08.2000T00:00:00+00:00;0.0002941912;35.7;27;0;0.0026167042
12.08.2000T00:00:00+00:00;0.0002430996;35.8;28;0;0.0026167042
13.08.2000T00:00:00+00:00;0.0002040092;36.4;27;0;0.0026167042
14.08.2000T00:00:00+00:00;0.0001756508;35.7;27;0;0.0026167042
15.08.2000T00:00:00+00:00;0.0001515573;33.8;27;0;0.0026167042
16.08.2000T00:00:00+00:00;0.0001307439;32;27;0;0.0026167042
17.08.2000T00:00:00+00:00;0.0001133386;30.8;24;0.00098425;0.0026167042
18.08.2000T00:00:00+00:00;0.0001003051;31.6;25;0.046161325;0.0026167042
19.08.2000T00:00:00+00:00;8.731718E-005;34.5;25;0;0.0026167042
20.08.2000T00:00:00+00:00;7.634252E-005;34.6;25.9;0;0.0026167042
21.08.2000T00:00:00+00:00;6.686112E-005;35.5;25;0;0.0026167042
22.08.2000T00:00:00+00:00;8.968324E-005;32.5;25;0.0287401;0.0026167042
23.08.2000T00:00:00+00:00;0.0001055918;34.5;25;0.000492125;0.0026167042
24.08.2000T00:00:00+00:00;0.0001615836;35.1;25;0.0070866;0.0026167042
25.08.2000T00:00:00+00:00;0.0001595197;34.1;26;0.00098425;0.0026167042
26.08.2000T00:00:00+00:00;0.0001278292;33.9;27;0;0.0026167042
27.08.2000T00:00:00+00:00;0.0001143689;34;25;0;0.0026167042
28.08.2000T00:00:00+00:00;0.0002034274;33;24.6;0.032775525;0.0026167042
29.08.2000T00:00:00+00:00;0.0004676408;34.3;27;0;0.0026167042
30.08.2000T00:00:00+00:00;0.0008222712;33.7;27;0;0.0028641732
31.08.2000T00:00:00+00:00;0.000678175;34.7;27;0;0.0028641732
01.09.2000T00:00:00+00:00;0.0005195128;34.7;26;0.0007874;0.0028641732
02.09.2000T00:00:00+00:00;0.0003851036;34.3;26;0;0.0028641732
03.09.2000T00:00:00+00:00;0.000284456;31.1;25;0.0007874;0.0028641732
04.09.2000T00:00:00+00:00;0.0002137506;30;25;0.0007874;0.0028641732
05.09.2000T00:00:00+00:00;0.0001642795;33.5;25;0.0007874;0.0028641732
06.09.2000T00:00:00+00:00;0.0001303613;34.3;26;0;0.0028641732
07.09.2000T00:00:00+00:00;0.0001064519;32;24;0.00610235;0.0028641732
08.09.2000T00:00:00+00:00;8.894348E-005;30.7;23;0;0.0028641732
09.09.2000T00:00:00+00:00;0.000075311;32.2;25.2;0;0.0028641732
10.09.2000T00:00:00+00:00;6.466726E-005;29;25;0.0027559;0.0028641732
11.09.2000T00:00:00+00:00;5.64581E-005;29.6;25;0.000295275;0.0028641732
12.09.2000T00:00:00+00:00;4.979492E-005;30.7;25.9;0.0007874;0.0028641732
13.09.2000T00:00:00+00:00;0.00004423;31.8;24;0;0.0028641732
14.09.2000T00:00:00+00:00;3.973662E-005;32.8;21;0;0.0028641732
15.09.2000T00:00:00+00:00;3.610852E-005;33.1;20;0;0.0028641732
16.09.2000T00:00:00+00:00;3.310512E-005;33.1;21;0;0.0028641732
17.09.2000T00:00:00+00:00;3.026916E-005;32.3;23;0;0.0028641732
18.09.2000T00:00:00+00:00;2.770238E-005;32.3;23;0;0.0028641732
19.09.2000T00:00:00+00:00;2.560742E-005;31.8;24;0;0.0028641732
20.09.2000T00:00:00+00:00;2.38776E-005;30.1;24;0;0.0028641732
21.09.2000T00:00:00+00:00;2.240738E-005;32;23;0.0007874;0.0028641732
22.09.2000T00:00:00+00:00;2.109136E-005;32;25;0;0.0028641732
23.09.2000T00:00:00+00:00;1.9853928E-005;33.4;24;0.001476375;0.0028641732
24.09.2000T00:00:00+00:00;1.8789532E-005;33.8;25;0;0.0028641732
25.09.2000T00:00:00+00:00;0.000017844;31.8;26;0;0.0028641732
26.09.2000T00:00:00+00:00;1.6801924E-005;28.8;24;0.006791325;0.0028641732
27.09.2000T00:00:00+00:00;1.5928218E-005;30.1;24;0.003051175;0.0028641732
28.09.2000T00:00:00+00:00;1.5115454E-005;31.7;24;0.01161415;0.0028641732
29.09.2000T00:00:00+00:00;1.4358464E-005;28.1;24.3;0.0070866;0.0029869704
30.09.2000T00:00:00+00:00;1.3600214E-005;29.7;24;0.0125984;0.0029869704
01.10.2000T00:00:00+00:00;1.2126446E-005;32.8;25;0.001476375;0.0029869704
02.10.2000T00:00:00+00:00;1.1063624E-005;33.1;25;0;0.0029869704
03.10.2000T00:00:00+00:00;1.0223078E-005;30.7;22;0;0.0029869704
04.10.2000T00:00:00+00:00;1.2478282E-005;30.8;22;0.073720325;0.0029869704
05.10.2000T00:00:00+00:00;3.396824E-005;29.6;24;0.0007874;0.0029869704
06.10.2000T00:00:00+00:00;2.690028E-005;30.1;23;0.0007874;0.0029869704
07.10.2000T00:00:00+00:00;2.937616E-005;31.5;24;0;0.0029869704
08.10.2000T00:00:00+00:00;3.242746E-005;32.9;24;0;0.0029869704
09.10.2000T00:00:00+00:00;3.567386E-005;32.5;24;0;0.0029869704
10.10.2000T00:00:00+00:00;3.60244E-005;32.3;24;0;0.0029869704
11.10.2000T00:00:00+00:00;3.817874E-005;32.5;25;0;0.0029869704
12.10.2000T00:00:00+00:00;3.710644E-005;34.4;24;0.0007874;0.0029869704
13.10.2000T00:00:00+00:00;3.671256E-005;29.1;20;0.0007874;0.0029869704
14.10.2000T00:00:00+00:00;3.512448E-005;23.1;18;0;0.0029869704
15.10.2000T00:00:00+00:00;3.249528E-005;19.8;18;0.067617975;0.0029869704
16.10.2000T00:00:00+00:00;4.004632E-005;19.2;18;0.029822775;0.0029869704
17.10.2000T00:00:00+00:00;8.459578E-005;21;9.6;0.024704675;0.0029869704
18.10.2000T00:00:00+00:00;0.0001694578;28.4;19;0;0.0029869704
19.10.2000T00:00:00+00:00;0.0004020678;22.2;20;0.019980275;0.0029869704
20.10.2000T00:00:00+00:00;0.0007389452;26.5;21.5;0.00177165;0.0029869704
21.10.2000T00:00:00+00:00;0.0010638178;28.4;22;0;0.0029869704
22.10.2000T00:00:00+00:00;0.000749387;30.3;23;0;0.0029869704
23.10.2000T00:00:00+00:00;0.0004976908;31.6;24;0;0.0029869704
24.10.2000T00:00:00+00:00;0.000354802;32.1;24.8;0;0.0029869704
25.10.2000T00:00:00+00:00;0.00027199;32.1;23;0;0.0029869704
26.10.2000T00:00:00+00:00;0.0002125772;32;24;0;0.0029869704
27.10.2000T00:00:00+00:00;0.0001676491;31.9;23;0;0.0029869704
28.10.2000T00:00:00+00:00;0.0001338039;30;23.6;0.00098425;0.0029869704
29.10.2000T00:00:00+00:00;0.0001084729;26.7;21.3;0.02224405;0.0029869704
30.10.2000T00:00:00+00:00;8.870328E-005;27.6;18;0;0.0027591864
31.10.2000T00:00:00+00:00;7.374588E-005;27.4;17;0.000492125;0.0027591864
01.11.2000T00:00:00+00:00;0.000062839;27.5;15;0;0.0027591864
02.11.2000T00:00:00+00:00;0.000054461;26.8;16;0;0.0027591864
03.11.2000T00:00:00+00:00;4.744622E-005;26;14;0;0.0027591864
04.11.2000T00:00:00+00:00;4.165436E-005;27.5;16;0;0.0027591864
05.11.2000T00:00:00+00:00;3.691452E-005;27.9;15;0;0.0027591864
06.11.2000T00:00:00+00:00;3.282082E-005;28.7;16;0;0.0027591864
07.11.2000T00:00:00+00:00;2.926526E-005;28.7;17;0;0.0027591864
08.11.2000T00:00:00+00:00;2.642162E-005;30.1;17;0;0.0027591864
09.11.2000T00:00:00+00:00;2.41059E-005;28.8;19;0;0.0027591864
10.11.2000T00:00:00+00:00;2.187328E-005;28.8;20;0;0.0027591864
11.11.2000T00:00:00+00:00;1.9984302E-005;26.9;17;0;0.0027591864
12.11.2000T00:00:00+00:00;1.841621E-005;24;15;0;0.0027591864
13.11.2000T00:00:00+00:00;1.694553E-005;24.1;16.8;0;0.0027591864
14.11.2000T00:00:00+00:00;1.5619442E-005;25.3;19.8;0;0.0027591864
15.11.2000T00:00:00+00:00;1.4490894E-005;27.1;21;0;0.0027591864
16.11.2000T00:00:00+00:00;0.000013532;27;20;0;0.0027591864
17.11.2000T00:00:00+00:00;1.2615482E-005;25;19;0;0.0027591864
18.11.2000T00:00:00+00:00;0.000011811;21.5;18;0;0.0027591864
19.11.2000T00:00:00+00:00;1.1050576E-005;26;18;0;0.0027591864
20.11.2000T00:00:00+00:00;1.0406338E-005;20.7;11;0;0.0027591864
21.11.2000T00:00:00+00:00;9.825496E-006;22.8;12;0;0.0027591864
22.11.2000T00:00:00+00:00;9.261392E-006;24.1;12;0;0.0027591864
23.11.2000T00:00:00+00:00;8.771504E-006;25.9;13.9;0;0.0027591864
24.11.2000T00:00:00+00:00;8.282494E-006;26.3;16;0;0.0027591864
25.11.2000T00:00:00+00:00;7.829822E-006;24.5;19;0.0007874;0.0027591864
26.11.2000T00:00:00+00:00;7.37175E-006;23.2;21;0.002066925;0.0027591864
27.11.2000T00:00:00+00:00;6.969794E-006;27.6;22;0;0.0027591864
28.11.2000T00:00:00+00:00;6.621196E-006;27.6;21;0;0.0027591864
29.11.2000T00:00:00+00:00;6.316918E-006;27.4;21;0.001476375;0.0025346832
30.11.2000T00:00:00+00:00;6.040744E-006;28.6;21;0;0.0025346832
01.12.2000T00:00:00+00:00;5.813472E-006;27.2;21;0.0007874;0.0025346832
02.12.2000T00:00:00+00:00;5.576586E-006;26;15;0.0007874;0.0025346832
03.12.2000T00:00:00+00:00;5.337112E-006;17.4;13;0;0.0025346832
04.12.2000T00:00:00+00:00;5.113566E-006;21.9;13;0;0.0025346832
05.12.2000T00:00:00+00:00;4.951212E-006;21.3;15;0;0.0025346832
06.12.2000T00:00:00+00:00;4.766724E-006;25.6;17;0;0.0025346832
07.12.2000T00:00:00+00:00;4.60244E-006;26;18.9;0.0007874;0.0025346832
08.12.2000T00:00:00+00:00;4.461646E-006;28.5;18;0;0.0025346832
09.12.2000T00:00:00+00:00;4.34448E-006;25.8;19;0;0.0025346832
10.12.2000T00:00:00+00:00;4.226538E-006;24.9;19;0.001476375;0.0025346832
11.12.2000T00:00:00+00:00;4.098706E-006;26;18;0;0.0025346832
12.12.2000T00:00:00+00:00;3.990164E-006;24.5;15;0.0007874;0.0025346832
13.12.2000T00:00:00+00:00;0.000003893;16.9;14;0;0.0025346832
14.12.2000T00:00:00+00:00;3.794234E-006;19.6;15;0;0.0025346832
15.12.2000T00:00:00+00:00;0.000003712;22.1;16;0;0.0025346832
16.12.2000T00:00:00+00:00;3.62171E-006;23.7;17;0;0.0025346832
17.12.2000T00:00:00+00:00;3.528372E-006;25.2;18;0;0.0025346832
18.12.2000T00:00:00+00:00;3.448098E-006;27;18.6;0;0.0025346832
19.12.2000T00:00:00+00:00;0.000003385;28.5;20;0;0.0025346832
20.12.2000T00:00:00+00:00;3.313166E-006;29;17;0;0.0025346832
21.12.2000T00:00:00+00:00;3.251186E-006;23.5;15;0;0.0025346832
22.12.2000T00:00:00+00:00;3.191904E-006;24;15;0;0.0025346832
23.12.2000T00:00:00+00:00;3.134584E-006;24.7;11;0;0.0025346832
24.12.2000T00:00:00+00:00;0.000003055;24.5;11;0;0.0025346832
25.12.2000T00:00:00+00:00;2.993476E-006;25.2;12;0;0.0025346832
26.12.2000T00:00:00+00:00;2.917756E-006;24.5;17;0;0.0025346832
27.12.2000T00:00:00+00:00;2.857144E-006;24.2;17;0.0007874;0.0025346832
28.12.2000T00:00:00+00:00;2.810942E-006;25.3;17;0;0.0025346832
29.12.2000T00:00:00+00:00;2.756374E-006;26.1;17;0;0.0025346832
30.12.2000T00:00:00+00:00;2.707106E-006;25.3;17;0;0.0021838091
31.12.2000T00:00:00+00:00;2.665194E-006;22.5;13;0;0.0021838091
01.01.2001T00:00:00+00:00;2.670372E-006;24;15;0;0.0021838091
02.01.2001T00:00:00+00:00;2.654216E-006;25.4;12;0;0.0021838091
03.01.2001T00:00:00+00:00;2.639552E-006;21;15;0.00374015;0.0021838091
04.01.2001T00:00:00+00:00;2.610184E-006;18.7;15;0.00177165;0.0021838091
05.01.2001T00:00:00+00:00;2.590402E-006;20.1;17;0.0007874;0.0021838091
06.01.2001T00:00:00+00:00;2.54687E-006;26.3;19;0.0007874;0.0021838091
07.01.2001T00:00:00+00:00;0.00000251;28.5;20.8;0;0.0021838091
08.01.2001T00:00:00+00:00;2.488124E-006;28.9;20;0;0.0021838091
09.01.2001T00:00:00+00:00;2.45859E-006;27.1;13;0.0007874;0.0021838091
10.01.2001T00:00:00+00:00;2.428558E-006;14.3;11.2;0;0.0021838091
11.01.2001T00:00:00+00:00;2.392792E-006;17.4;12.1;0.0007874;0.0021838091
12.01.2001T00:00:00+00:00;2.354562E-006;19.4;13;0;0.0021838091
13.01.2001T00:00:00+00:00;0.000002329;19.6;16;0.0027559;0.0021838091
14.01.2001T00:00:00+00:00;2.285658E-006;19.6;12;0.0007874;0.0021838091
15.01.2001T00:00:00+00:00;2.252224E-006;12.8;12;0.0070866;0.0021838091
16.01.2001T00:00:00+00:00;2.228168E-006;14.6;12;0;0.0021838091
17.01.2001T00:00:00+00:00;2.199214E-006;19.2;12;0;0.0021838091
18.01.2001T00:00:00+00:00;2.175216E-006;23.8;12;0;0.0021838091
19.01.2001T00:00:00+00:00;2.15528E-006;24.2;18;0;0.0021838091
20.01.2001T00:00:00+00:00;2.125444E-006;26.1;18;0;0.0021838091
21.01.2001T00:00:00+00:00;2.102924E-006;28.4;19;0;0.0021838091
22.01.2001T00:00:00+00:00;2.074864E-006;25.9;20.8;0.001476375;0.0021838091
23.01.2001T00:00:00+00:00;0.000002049;27.1;22;0.0007874;0.0021838091
24.01.2001T00:00:00+00:00;0.000002017;25.6;22;0.00177165;0.0021838091
25.01.2001T00:00:00+00:00;1.9787912E-006;28.3;14;0.001476375;0.0021838091
26.01.2001T00:00:00+00:00;1.9503284E-006;16.4;11;0.0007874;0.0021838091
27.01.2001T00:00:00+00:00;0.00000192;26.2;11;0;0.0021838091
28.01.2001T00:00:00+00:00;1.894296E-006;18.3;11.6;0;0.0021838091
29.01.2001T00:00:00+00:00;1.860366E-006;19.8;14;0;0.0021838091
30.01.2001T00:00:00+00:00;1.8297596E-006;17.4;14;0;0.0021838091
31.01.2001T00:00:00+00:00;1.7955588E-006;15.6;14;0;0.001754019
01.02.2001T00:00:00+00:00;1.8226044E-006;17.8;12;0.002066925;0.001754019
02.02.2001T00:00:00+00:00;1.8228626E-006;16;11;0;0.001754019
03.02.2001T00:00:00+00:00;1.8127414E-006;15.8;11;0.00177165;0.001754019
04.02.2001T00:00:00+00:00;1.7966938E-006;18.4;12.6;0.0007874;0.001754019
05.02.2001T00:00:00+00:00;1.7798672E-006;19.1;15;0;0.001754019
06.02.2001T00:00:00+00:00;1.758775E-006;20.1;16;0.001279525;0.001754019
07.02.2001T00:00:00+00:00;1.7378856E-006;20;16;0.003051175;0.001754019
08.02.2001T00:00:00+00:00;1.7052216E-006;16.9;12;0.0007874;0.001754019
09.02.2001T00:00:00+00:00;1.6831684E-006;13.9;11;0.001476375;0.001754019
10.02.2001T00:00:00+00:00;1.6485352E-006;16.8;12;0;0.001754019
11.02.2001T00:00:00+00:00;1.6205268E-006;19.5;13;0;0.001754019
12.02.2001T00:00:00+00:00;1.5897402E-006;17.4;13.8;0.0007874;0.001754019
13.02.2001T00:00:00+00:00;1.565938E-006;18.1;14;0.0007874;0.001754019
14.02.2001T00:00:00+00:00;1.5423282E-006;19.5;11;0;0.001754019
15.02.2001T00:00:00+00:00;1.5221746E-006;21.5;12;0;0.001754019
16.02.2001T00:00:00+00:00;1.50265E-006;23.2;12;0;0.001754019
17.02.2001T00:00:00+00:00;1.4734448E-006;24.3;13;0;0.001754019
18.02.2001T00:00:00+00:00;1.4438786E-006;23.7;15;0;0.001754019
19.02.2001T00:00:00+00:00;1.4207942E-006;20.7;17;0.001476375;0.001754019
20.02.2001T00:00:00+00:00;1.4011732E-006;24.9;18;0.00177165;0.001754019
21.02.2001T00:00:00+00:00;1.3672016E-006;25.3;18;0;0.001754019
22.02.2001T00:00:00+00:00;1.3288966E-006;24.8;18;0;0.001754019
23.02.2001T00:00:00+00:00;1.3099226E-006;25.5;20;0.00098425;0.001754019
24.02.2001T00:00:00+00:00;1.2872686E-006;24.1;16;0.000492125;0.001754019
25.02.2001T00:00:00+00:00;1.2683404E-006;17.6;14;0.03051175;0.001754019
26.02.2001T00:00:00+00:00;0.000001252;18.4;14;0.0007874;0.001754019
27.02.2001T00:00:00+00:00;1.226367E-006;18.8;15;0;0.0019197015
28.02.2001T00:00:00+00:00;1.207464E-006;19.5;15.4;0.00177165;0.0019197015
01.03.2001T00:00:00+00:00;1.1553326E-006;22.8;16;0;0.0019197015
02.03.2001T00:00:00+00:00;1.1089058E-006;24.8;16;0;0.0019197015
03.03.2001T00:00:00+00:00;1.0706718E-006;20;18;0.00177165;0.0019197015
04.03.2001T00:00:00+00:00;1.0385764E-006;24.1;17;0;0.0019197015
05.03.2001T00:00:00+00:00;1.0103984E-006;25.3;17;0;0.0019197015
06.03.2001T00:00:00+00:00;9.885012E-007;22.9;18.9;0.000492125;0.0019197015
07.03.2001T00:00:00+00:00;9.692668E-007;22.1;19;0.00177165;0.0019197015
08.03.2001T00:00:00+00:00;0.00000095;19.7;14;0.0267716;0.0019197015
09.03.2001T00:00:00+00:00;9.328676E-007;15;13.8;0.034547175;0.0019197015
10.03.2001T00:00:00+00:00;1.0188734E-006;16.8;14;0.01870075;0.0019197015
11.03.2001T00:00:00+00:00;1.9421142E-006;18;16;0.00610235;0.0019197015
12.03.2001T00:00:00+00:00;5.763622E-006;20;15.9;0.003248025;0.0019197015
13.03.2001T00:00:00+00:00;7.481056E-006;17;15;0.011909425;0.0019197015
14.03.2001T00:00:00+00:00;1.895668E-005;22.8;16.5;0.008562975;0.0019197015
15.03.2001T00:00:00+00:00;2.00312E-005;25.5;19.5;0.003248025;0.0019197015
16.03.2001T00:00:00+00:00;2.09328E-005;29.5;21;0;0.0019197015
17.03.2001T00:00:00+00:00;3.36814E-005;28.6;19.4;0.001476375;0.0019197015
18.03.2001T00:00:00+00:00;4.91976E-005;26.9;20.9;0.0007874;0.0019197015
19.03.2001T00:00:00+00:00;0.000059264;25.5;21.3;0.005019675;0.0019197015
20.03.2001T00:00:00+00:00;6.458006E-005;29.4;21;0.0007874;0.0019197015
21.03.2001T00:00:00+00:00;6.558312E-005;27.1;21;0;0.0019197015
22.03.2001T00:00:00+00:00;6.706388E-005;28.9;21;0;0.0019197015
23.03.2001T00:00:00+00:00;6.906066E-005;29.1;23;0;0.0019197015
24.03.2001T00:00:00+00:00;6.55126E-005;28.3;23;0;0.0019197015
25.03.2001T00:00:00+00:00;6.069474E-005;30.5;21;0;0.0019197015
26.03.2001T00:00:00+00:00;5.512734E-005;23;19;0.011909425;0.0019197015
27.03.2001T00:00:00+00:00;5.072518E-005;24.7;19;0.002066925;0.0019197015
28.03.2001T00:00:00+00:00;4.56997E-005;24.7;19;0;0.0019197015
29.03.2001T00:00:00+00:00;4.131114E-005;26.8;18;0.002066925;0.0019197015
30.03.2001T00:00:00+00:00;3.743742E-005;25.9;20;0;0.0022563977
31.03.2001T00:00:00+00:00;3.39916E-005;23.1;20;0.00098425;0.0022563977
01.04.2001T00:00:00+00:00;3.139574E-005;27.8;21.9;0.001476375;0.0022563977
02.04.2001T00:00:00+00:00;2.92414E-005;28.1;23;0;0.0022563977
03.04.2001T00:00:00+00:00;2.72649E-005;28.5;24;0;0.0022563977
04.04.2001T00:00:00+00:00;0.000025446;26.8;20;0.00098425;0.0022563977
05.04.2001T00:00:00+00:00;2.368082E-005;22.1;20;0.00885825;0.0022563977
06.04.2001T00:00:00+00:00;2.193274E-005;24.3;21;0.0035433;0.0022563977
07.04.2001T00:00:00+00:00;2.036408E-005;25.1;22;0.00098425;0.0022563977
08.04.2001T00:00:00+00:00;1.909574E-005;31.6;24;0.000492125;0.0022563977
09.04.2001T00:00:00+00:00;1.7861632E-005;31.8;24;0;0.0022563977
10.04.2001T00:00:00+00:00;1.677223E-005;29.1;20;0;0.0022563977
11.04.2001T00:00:00+00:00;1.5791676E-005;19;14;0;0.0022563977
12.04.2001T00:00:00+00:00;1.4869538E-005;22.5;16;0.000295275;0.0022563977
13.04.2001T00:00:00+00:00;1.40357E-005;24.1;18;0;0.0022563977
14.04.2001T00:00:00+00:00;1.3222152E-005;23;19;0.0007874;0.0022563977
15.04.2001T00:00:00+00:00;1.2501946E-005;26.3;20;0;0.0022563977
16.04.2001T00:00:00+00:00;1.1812326E-005;27.1;21.8;0;0.0022563977
17.04.2001T00:00:00+00:00;1.113517E-005;28.1;22.6;0.00098425;0.0022563977
18.04.2001T00:00:00+00:00;1.0531458E-005;31.4;24;0.0007874;0.0022563977
19.04.2001T00:00:00+00:00;1.0004378E-005;31.2;24;0;0.0022563977
20.04.2001T00:00:00+00:00;9.530212E-006;35.5;24;0;0.0022563977
21.04.2001T00:00:00+00:00;9.061354E-006;36;25;0;0.0022563977
22.04.2001T00:00:00+00:00;0.000008674;27.4;19;0;0.0022563977
23.04.2001T00:00:00+00:00;8.271146E-006;23;19;0.0043307;0.0022563977
24.04.2001T00:00:00+00:00;7.905666E-006;22.6;19;0.003051175;0.0022563977
25.04.2001T00:00:00+00:00;0.000007575;25.3;19;0.002263775;0.0022563977
26.04.2001T00:00:00+00:00;7.23794E-006;25.9;20;0;0.0022563977
27.04.2001T00:00:00+00:00;6.927818E-006;29.8;22;0;0.0022563977
28.04.2001T00:00:00+00:00;6.649076E-006;31.1;21;0.0007874;0.0022563977
29.04.2001T00:00:00+00:00;6.414306E-006;31.5;22;0.037893625;0.0030433891
30.04.2001T00:00:00+00:00;6.20468E-006;31.7;23;0;0.0030433891
01.05.2001T00:00:00+00:00;0.000006203;28.1;22;0.003248025;0.0030433891
02.05.2001T00:00:00+00:00;6.141526E-006;27.7;22;0;0.0030433891
03.05.2001T00:00:00+00:00;0.000006036;28.2;23;0.00098425;0.0030433891
04.05.2001T00:00:00+00:00;5.937288E-006;29.5;24;0.0007874;0.0030433891
05.05.2001T00:00:00+00:00;5.825204E-006;33.4;25.8;0.0007874;0.0030433891
06.05.2001T00:00:00+00:00;5.697234E-006;35.6;25;0;0.0030433891
07.05.2001T00:00:00+00:00;5.556588E-006;37.1;26;0;0.0030433891
08.05.2001T00:00:00+00:00;5.43842E-006;37.1;24;0.00610235;0.0030433891
09.05.2001T00:00:00+00:00;5.305734E-006;32.7;22;0.00098425;0.0030433891
10.05.2001T00:00:00+00:00;5.179536E-006;28.6;21;0;0.0030433891
11.05.2001T00:00:00+00:00;5.045432E-006;30.8;22;0;0.0030433891
12.05.2001T00:00:00+00:00;4.92637E-006;32.3;23;0;0.0030433891
13.05.2001T00:00:00+00:00;4.811288E-006;32.1;25;0;0.0030433891
14.05.2001T00:00:00+00:00;4.6936E-006;33.1;24;0;0.0030433891
15.05.2001T00:00:00+00:00;4.565706E-006;31.5;23.4;0;0.0030433891
16.05.2001T00:00:00+00:00;4.449338E-006;27.6;23;0.0098425;0.0030433891
17.05.2001T00:00:00+00:00;4.330548E-006;27.4;22.7;0.05452745;0.0030433891
18.05.2001T00:00:00+00:00;4.21993E-006;32.8;22;0.0007874;0.0030433891
19.05.2001T00:00:00+00:00;4.093804E-006;30.6;21.9;0.013877925;0.0030433891
20.05.2001T00:00:00+00:00;3.9818E-006;31.7;25;0.000295275;0.0030433891
21.05.2001T00:00:00+00:00;3.887386E-006;33.6;21.3;0;0.0030433891
22.05.2001T00:00:00+00:00;3.095462E-005;32.3;24;0.0322834;0.0030433891
23.05.2001T00:00:00+00:00;7.412662E-005;33.6;24;0;0.0030433891
24.05.2001T00:00:00+00:00;0.000108681;34.4;25.3;0.000492125;0.0030433891
25.05.2001T00:00:00+00:00;0.0001219717;28.4;25;0.0007874;0.0030433891
26.05.2001T00:00:00+00:00;0.0001444366;29.1;25;0.014665325;0.0030433891
27.05.2001T00:00:00+00:00;0.0001713766;27.1;23.8;0.00610235;0.0030433891
28.05.2001T00:00:00+00:00;0.0001923728;30.7;23.7;0;0.0030433891
29.05.2001T00:00:00+00:00;0.0002095952;32.1;24;0.002066925;0.0030433891
30.05.2001T00:00:00+00:00;0.0003659382;26;22;0.076476225;0.0030893209
31.05.2001T00:00:00+00:00;0.0013616652;28.1;23.6;0.001279525;0.0030893209
01.06.2001T00:00:00+00:00;0.003715072;31.6;23.5;0.002066925;0.0030893209
02.06.2001T00:00:00+00:00;0.004114112;32.6;24;0.0366141;0.0030893209
03.06.2001T00:00:00+00:00;0.004633298;33.2;24.7;0.006791325;0.0030893209
04.06.2001T00:00:00+00:00;0.004077806;34.6;24;0.00098425;0.0030893209
05.06.2001T00:00:00+00:00;0.003481782;32.1;23;0.07421245;0.0030893209
06.06.2001T00:00:00+00:00;0.007097632;29.6;23.8;0.031791275;0.0030893209
07.06.2001T00:00:00+00:00;0.010447134;33.8;26.4;0.000295275;0.0030893209
08.06.2001T00:00:00+00:00;0.006137146;35.4;27;0;0.0030893209
09.06.2001T00:00:00+00:00;0.002438168;36.6;23.9;0;0.0030893209
10.06.2001T00:00:00+00:00;0.0012673768;34.4;23;0.002066925;0.0030893209
11.06.2001T00:00:00+00:00;0.0007956332;32.1;24;0;0.0030893209
12.06.2001T00:00:00+00:00;0.0005420876;34.6;24;0.0007874;0.0030893209
13.06.2001T00:00:00+00:00;0.0004470042;31;24;0.02342515;0.0030893209
14.06.2001T00:00:00+00:00;0.0004012784;34.6;24.9;0;0.0030893209
15.06.2001T00:00:00+00:00;0.0003525134;34.6;26;0;0.0030893209
16.06.2001T00:00:00+00:00;0.0002692732;35;27;0.0007874;0.0030893209
17.06.2001T00:00:00+00:00;0.0002214176;31.6;27;0.00807085;0.0030893209
18.06.2001T00:00:00+00:00;0.0001809772;35.9;28;0;0.0030893209
19.06.2001T00:00:00+00:00;0.0001479855;36.4;28;0;0.0030893209
20.06.2001T00:00:00+00:00;0.000121086;34.9;24;0.0007874;0.0030893209
21.06.2001T00:00:00+00:00;0.0005673754;28.6;24;0.0555117;0.0030893209
22.06.2001T00:00:00+00:00;0.0013798478;32.4;25.9;0.01082675;0.0030893209
23.06.2001T00:00:00+00:00;0.0015769602;34.3;26;0;0.0030893209
24.06.2001T00:00:00+00:00;0.001188188;35.7;27;0;0.0030893209
25.06.2001T00:00:00+00:00;0.0007330818;35.3;27;0;0.0030893209
26.06.2001T00:00:00+00:00;0.0005334074;35.8;27;0;0.0030893209
27.06.2001T00:00:00+00:00;0.000431204;31;26;0.01594485;0.0030893209
28.06.2001T00:00:00+00:00;0.000592425;28;25;0.02066925;0.0030893209
29.06.2001T00:00:00+00:00;0.000719066;32.3;26;0.0007874;0.003005718
30.06.2001T00:00:00+00:00;0.000581638;33.4;27;0.001476375;0.003005718
01.07.2001T00:00:00+00:00;0.000450731;35;27;0;0.003005718
02.07.2001T00:00:00+00:00;0.0003367588;34.4;25;0.005019675;0.003005718
03.07.2001T00:00:00+00:00;0.000651749;28.8;25;0.021948775;0.003005718
04.07.2001T00:00:00+00:00;0.00405646;31.5;25.2;0.093405325;0.003005718
05.07.2001T00:00:00+00:00;0.010097344;35.1;25.3;0.06358255;0.003005718
06.07.2001T00:00:00+00:00;0.010628526;37.2;28;0;0.003005718
07.07.2001T00:00:00+00:00;0.006665096;34.4;25;0.0007874;0.003005718
08.07.2001T00:00:00+00:00;0.005292808;32.6;25;0.019685;0.003005718
09.07.2001T00:00:00+00:00;0.004828888;30.9;25.7;0.01082675;0.003005718
10.07.2001T00:00:00+00:00;0.003302632;34.4;27;0;0.003005718
11.07.2001T00:00:00+00:00;0.0017832168;36.1;28;0;0.003005718
12.07.2001T00:00:00+00:00;0.0010113258;36.7;29;0;0.003005718
13.07.2001T00:00:00+00:00;0.000601789;36.3;25;0;0.003005718
14.07.2001T00:00:00+00:00;0.000374781;28.3;25;0.012893675;0.003005718
15.07.2001T00:00:00+00:00;0.0003138402;31.8;23;0.010334625;0.003005718
16.07.2001T00:00:00+00:00;0.0002719182;32.2;23.9;0;0.003005718
17.07.2001T00:00:00+00:00;0.00021277;32.1;26;0.0007874;0.003005718
18.07.2001T00:00:00+00:00;0.000157984;34.8;26.9;0;0.003005718
19.07.2001T00:00:00+00:00;0.000125463;35.1;24;0.002066925;0.003005718
20.07.2001T00:00:00+00:00;0.0001326154;31.6;25.6;0.012893675;0.003005718
21.07.2001T00:00:00+00:00;0.0016557598;32.3;25;0.042618025;0.003005718
22.07.2001T00:00:00+00:00;0.002665882;30.5;25.1;0;0.003005718
23.07.2001T00:00:00+00:00;0.001712693;32.3;26;0;0.003005718
24.07.2001T00:00:00+00:00;0.0010733062;34.4;27.1;0.0007874;0.003005718
25.07.2001T00:00:00+00:00;0.0007104442;34.1;26;0;0.003005718
26.07.2001T00:00:00+00:00;0.000463367;33.8;25;0.0007874;0.003005718
27.07.2001T00:00:00+00:00;0.0003065706;27.7;25;0.00807085;0.003005718
28.07.2001T00:00:00+00:00;0.0002103168;34.1;26.6;0.00098425;0.003005718
29.07.2001T00:00:00+00:00;0.0001512682;35;27;0.00098425;0.003005718
30.07.2001T00:00:00+00:00;0.0001136567;36.5;28;0;0.0026167042
31.07.2001T00:00:00+00:00;8.846326E-005;36.7;26;0;0.0026167042
01.08.2001T00:00:00+00:00;6.962828E-005;31.1;25;0;0.0026167042
02.08.2001T00:00:00+00:00;5.63013E-005;30.1;24;0;0.0026167042
03.08.2001T00:00:00+00:00;5.310708E-005;27;23.7;0.168798875;0.0026167042
04.08.2001T00:00:00+00:00;0.000581589;30;24;0.136318625;0.0026167042
05.08.2001T00:00:00+00:00;0.004682222;33.6;25;0.00098425;0.0026167042
06.08.2001T00:00:00+00:00;0.01087073;33;26;0.009350375;0.0026167042
07.08.2001T00:00:00+00:00;0.010182174;34;26;0;0.0026167042
08.08.2001T00:00:00+00:00;0.005559782;34.1;27;0;0.0026167042
09.08.2001T00:00:00+00:00;0.004361456;35.3;27;0;0.0026167042
10.08.2001T00:00:00+00:00;0.007693056;35.4;26;0.0098425;0.0026167042
11.08.2001T00:00:00+00:00;0.009782478;30;24;0.024704675;0.0026167042
12.08.2001T00:00:00+00:00;0.004925322;33.6;24;0.000295275;0.0026167042
13.08.2001T00:00:00+00:00;0.002091626;28.2;24;0;0.0026167042
14.08.2001T00:00:00+00:00;0.002818464;31.6;23;0.0358267;0.0026167042
15.08.2001T00:00:00+00:00;0.003888632;29.5;24;0.002263775;0.0026167042
16.08.2001T00:00:00+00:00;0.00205005;32.6;26;0.001476375;0.0026167042
17.08.2001T00:00:00+00:00;0.0010417714;34.4;26;0;0.0026167042
18.08.2001T00:00:00+00:00;0.0006152304;34.5;26;0.0007874;0.0026167042
19.08.2001T00:00:00+00:00;0.0003845826;34.1;27;0;0.0026167042
20.08.2001T00:00:00+00:00;0.0002416352;34.6;27;0;0.0026167042
21.08.2001T00:00:00+00:00;0.0001631354;34.3;26;0;0.0026167042
22.08.2001T00:00:00+00:00;0.0001189047;35.3;26;0;0.0026167042
23.08.2001T00:00:00+00:00;9.127918E-005;35.1;25.1;0;0.0026167042
24.08.2001T00:00:00+00:00;8.102746E-005;36.7;23;0.030807025;0.0026167042
25.08.2001T00:00:00+00:00;0.0001090821;28.2;24;0.0141732;0.0026167042
26.08.2001T00:00:00+00:00;0.0001080252;32.1;25;0.00098425;0.0026167042
27.08.2001T00:00:00+00:00;0.0001153463;30.6;24;0.0007874;0.0026167042
28.08.2001T00:00:00+00:00;0.0001008446;32.1;26;0.000295275;0.0026167042
29.08.2001T00:00:00+00:00;7.477622E-005;34.4;26.7;0;0.0026167042
30.08.2001T00:00:00+00:00;5.65498E-005;31.1;27;0.0007874;0.0028641732
31.08.2001T00:00:00+00:00;0.000044634;29;24;0.0106299;0.0028641732
01.09.2001T00:00:00+00:00;4.655476E-005;28.4;25;0.011122025;0.0028641732
02.09.2001T00:00:00+00:00;3.931348E-005;31;24;0.0007874;0.0028641732
03.09.2001T00:00:00+00:00;3.422826E-005;30.9;25;0.0007874;0.0028641732
04.09.2001T00:00:00+00:00;3.101972E-005;28.6;25;0.001476375;0.0028641732
05.09.2001T00:00:00+00:00;2.967484E-005;28.8;25;0.001476375;0.0028641732
06.09.2001T00:00:00+00:00;2.83769E-005;32;24.8;0.001476375;0.0028641732
07.09.2001T00:00:00+00:00;2.803046E-005;34.4;26;0.001476375;0.0028641732
08.09.2001T00:00:00+00:00;2.636772E-005;34.2;25;0.0007874;0.0028641732
09.09.2001T00:00:00+00:00;3.46919E-005;29.6;24;0.024704675;0.0028641732
10.09.2001T00:00:00+00:00;3.199238E-005;33;24.7;0;0.0028641732
11.09.2001T00:00:00+00:00;0.000030087;33;24;0;0.0028641732
12.09.2001T00:00:00+00:00;0.0002662404;29;24;0.033562925;0.0028641732
13.09.2001T00:00:00+00:00;0.0004888768;32.1;25;0.00098425;0.0028641732
14.09.2001T00:00:00+00:00;0.0006247144;33;25;0;0.0028641732
15.09.2001T00:00:00+00:00;0.0004531424;34.7;26;0;0.0028641732
16.09.2001T00:00:00+00:00;0.0003415484;34.5;26;0;0.0028641732
17.09.2001T00:00:00+00:00;0.0002292818;34.6;26;0;0.0028641732
18.09.2001T00:00:00+00:00;0.0001587065;35.3;26;0;0.0028641732
19.09.2001T00:00:00+00:00;0.000113984;34.8;26;0;0.0028641732
20.09.2001T00:00:00+00:00;8.654432E-005;34.1;25;0.0007874;0.0028641732
21.09.2001T00:00:00+00:00;0.000068527;34;24;0.0007874;0.0028641732
22.09.2001T00:00:00+00:00;5.594882E-005;28.3;24;0.0007874;0.0028641732
23.09.2001T00:00:00+00:00;4.664028E-005;30.8;24;0;0.0028641732
24.09.2001T00:00:00+00:00;3.953566E-005;33.1;24;0;0.0028641732
25.09.2001T00:00:00+00:00;3.405272E-005;33.6;25;0;0.0028641732
26.09.2001T00:00:00+00:00;2.96614E-005;33.5;24;0;0.0028641732
27.09.2001T00:00:00+00:00;2.60457E-005;33.4;26;0;0.0028641732
28.09.2001T00:00:00+00:00;2.293064E-005;32.7;23;0;0.0028641732
29.09.2001T00:00:00+00:00;2.047056E-005;33.1;23;0;0.0029869704
30.09.2001T00:00:00+00:00;1.8437262E-005;34;24;0;0.0029869704
01.10.2001T00:00:00+00:00;1.7261372E-005;33.8;25;0;0.0029869704
02.10.2001T00:00:00+00:00;1.5996754E-005;33.7;24;0;0.0029869704
03.10.2001T00:00:00+00:00;1.480309E-005;32;21.7;0.013877925;0.0029869704
04.10.2001T00:00:00+00:00;1.3956164E-005;28;21.7;0.01437005;0.0029869704
05.10.2001T00:00:00+00:00;1.3042912E-005;29.6;22.6;0.004035425;0.0029869704
06.10.2001T00:00:00+00:00;1.2227398E-005;32.1;24;0;0.0029869704
07.10.2001T00:00:00+00:00;1.1440512E-005;33.5;25;0;0.0029869704
08.10.2001T00:00:00+00:00;0.000010687;33.4;21;0;0.0029869704
09.10.2001T00:00:00+00:00;1.0151086E-005;23.7;21;0.031791275;0.0029869704
10.10.2001T00:00:00+00:00;9.572658E-006;30;21.5;0;0.0029869704
11.10.2001T00:00:00+00:00;9.087212E-006;31.3;24;0;0.0029869704
12.10.2001T00:00:00+00:00;8.610758E-006;31.9;23;0;0.0029869704
13.10.2001T00:00:00+00:00;8.182358E-006;32.1;23;0.0007874;0.0029869704
14.10.2001T00:00:00+00:00;7.74313E-006;32.3;24;0;0.0029869704
15.10.2001T00:00:00+00:00;7.347126E-006;31.3;25;0.0007874;0.0029869704
16.10.2001T00:00:00+00:00;7.01926E-006;32.4;24;0.0007874;0.0029869704
17.10.2001T00:00:00+00:00;6.700748E-006;28;22;0;0.0029869704
18.10.2001T00:00:00+00:00;6.431438E-006;27.7;21;0;0.0029869704
19.10.2001T00:00:00+00:00;6.16958E-006;27.1;22;0;0.0029869704
20.10.2001T00:00:00+00:00;5.962748E-006;30;23;0;0.0029869704
21.10.2001T00:00:00+00:00;5.737474E-006;31.3;23;0.0007874;0.0029869704
22.10.2001T00:00:00+00:00;5.525606E-006;31;23;0.010334625;0.0029869704
23.10.2001T00:00:00+00:00;5.32924E-006;27.2;23;0;0.0029869704
24.10.2001T00:00:00+00:00;5.086614E-006;25;21.9;0.01082675;0.0029869704
25.10.2001T00:00:00+00:00;4.879418E-006;29.1;22;0.009547225;0.0029869704
26.10.2001T00:00:00+00:00;4.67459E-006;29;23;0.00885825;0.0029869704
27.10.2001T00:00:00+00:00;1.2016486E-005;30.1;22;0.0484251;0.0029869704
28.10.2001T00:00:00+00:00;9.465902E-006;26;22;0.00177165;0.0029869704
29.10.2001T00:00:00+00:00;9.740848E-006;27;21;0;0.0029869704
30.10.2001T00:00:00+00:00;9.948472E-006;26.3;21;0.0007874;0.0027591864
31.10.2001T00:00:00+00:00;9.975692E-006;27.4;22;0.0007874;0.0027591864
01.11.2001T00:00:00+00:00;9.578264E-006;31;23.9;0.0007874;0.0027591864
02.11.2001T00:00:00+00:00;9.637314E-006;32.3;24;0;0.0027591864
03.11.2001T00:00:00+00:00;9.210436E-006;31.8;25;0.0007874;0.0027591864
04.11.2001T00:00:00+00:00;8.6002E-006;31.6;24;0;0.0027591864
05.11.2001T00:00:00+00:00;0.000008297;30.3;19;0.003051175;0.0027591864
06.11.2001T00:00:00+00:00;7.671262E-006;23;19.5;0.004822825;0.0027591864
07.11.2001T00:00:00+00:00;0.000007298;26.3;20;0;0.0027591864
08.11.2001T00:00:00+00:00;6.92645E-006;27.3;20;0;0.0027591864
09.11.2001T00:00:00+00:00;0.000006494;25.3;20;0;0.0027591864
10.11.2001T00:00:00+00:00;6.112314E-006;25.9;18;0;0.0027591864
11.11.2001T00:00:00+00:00;5.74431E-006;26;16;0;0.0027591864
12.11.2001T00:00:00+00:00;5.294372E-006;27;18;0;0.0027591864
13.11.2001T00:00:00+00:00;5.01364E-006;21.4;16;0.00374015;0.0027591864
14.11.2001T00:00:00+00:00;4.75071E-006;18.3;13;0.009350375;0.0027591864
15.11.2001T00:00:00+00:00;4.525158E-006;23.5;11;0.00098425;0.0027591864
16.11.2001T00:00:00+00:00;4.247906E-006;24.2;11;0;0.0027591864
17.11.2001T00:00:00+00:00;0.000004028;24.5;12;0;0.0027591864
18.11.2001T00:00:00+00:00;3.83488E-006;25;12;0;0.0027591864
19.11.2001T00:00:00+00:00;3.589332E-006;25.8;12;0;0.0027591864
20.11.2001T00:00:00+00:00;0.000003357;25;13;0;0.0027591864
21.11.2001T00:00:00+00:00;3.143792E-006;25;12;0;0.0027591864
22.11.2001T00:00:00+00:00;2.910524E-006;25;12;0;0.0027591864
23.11.2001T00:00:00+00:00;2.719668E-006;25;13;0;0.0027591864
24.11.2001T00:00:00+00:00;2.544814E-006;25.4;14;0;0.0027591864
25.11.2001T00:00:00+00:00;2.359362E-006;26.2;13;0;0.0027591864
26.11.2001T00:00:00+00:00;2.218646E-006;26;12;0;0.0027591864
27.11.2001T00:00:00+00:00;0.000002063;25.8;14;0;0.0027591864
28.11.2001T00:00:00+00:00;1.927506E-006;26.8;16;0;0.0027591864
29.11.2001T00:00:00+00:00;1.8257792E-006;26.8;18.7;0;0.0025346832
30.11.2001T00:00:00+00:00;1.7257244E-006;27;19;0;0.0025346832
01.12.2001T00:00:00+00:00;1.7810728E-006;28.1;20;0;0.0025346832
02.12.2001T00:00:00+00:00;1.7770728E-006;27.9;21;0;0.0025346832
03.12.2001T00:00:00+00:00;1.743389E-006;28.5;20;0;0.0025346832
04.12.2001T00:00:00+00:00;1.7282896E-006;28.2;20;0.0007874;0.0025346832
05.12.2001T00:00:00+00:00;1.7175552E-006;28.6;21;0.001476375;0.0025346832
06.12.2001T00:00:00+00:00;1.6926746E-006;24.3;13;0.009547225;0.0025346832
07.12.2001T00:00:00+00:00;1.6670874E-006;17;13;0.007775575;0.0025346832
08.12.2001T00:00:00+00:00;1.6343952E-006;20.6;15.9;0.001476375;0.0025346832
09.12.2001T00:00:00+00:00;1.6143682E-006;24.8;17;0;0.0025346832
10.12.2001T00:00:00+00:00;1.5924334E-006;18.1;16;0.0169291;0.0025346832
11.12.2001T00:00:00+00:00;1.5595832E-006;17.6;15;0.00177165;0.0025346832
12.12.2001T00:00:00+00:00;1.5205324E-006;19;15;0.003051175;0.0025346832
13.12.2001T00:00:00+00:00;1.4952506E-006;16.3;11;0.00177165;0.0025346832
14.12.2001T00:00:00+00:00;1.4702018E-006;15;11.9;0.001476375;0.0025346832
15.12.2001T00:00:00+00:00;1.4455622E-006;19.3;12.4;0;0.0025346832
16.12.2001T00:00:00+00:00;0.000001412;21.1;14.3;0;0.0025346832
17.12.2001T00:00:00+00:00;1.3958838E-006;19.8;15;0;0.0025346832
18.12.2001T00:00:00+00:00;1.3761548E-006;18.1;13.8;0.0007874;0.0025346832
19.12.2001T00:00:00+00:00;1.3534724E-006;18.5;13;0.0007874;0.0025346832
20.12.2001T00:00:00+00:00;1.3279456E-006;17.7;13;0;0.0025346832
21.12.2001T00:00:00+00:00;1.3096854E-006;20.1;13;0.0007874;0.0025346832
22.12.2001T00:00:00+00:00;1.2920878E-006;19.4;9;0;0.0025346832
23.12.2001T00:00:00+00:00;1.2708542E-006;20.3;7;0;0.0025346832
24.12.2001T00:00:00+00:00;1.2531454E-006;19.8;6;0;0.0025346832
25.12.2001T00:00:00+00:00;1.2354674E-006;21;7;0;0.0025346832
26.12.2001T00:00:00+00:00;0.000001215;19;13;0;0.0025346832
27.12.2001T00:00:00+00:00;0.000001192;19.1;14.2;0.0007874;0.0025346832
28.12.2001T00:00:00+00:00;1.1673214E-006;22.9;13;0;0.0025346832
29.12.2001T00:00:00+00:00;1.1486494E-006;20;11;0;0.0025346832
30.12.2001T00:00:00+00:00;1.125804E-006;20.6;13;0;0.0021838091
31.12.2001T00:00:00+00:00;1.103504E-006;19;14.6;0;0.0021838091
01.01.2002T00:00:00+00:00;1.1231822E-006;22;13;0;0.0021838091
02.01.2002T00:00:00+00:00;1.132741E-006;24;12;0;0.0021838091
03.01.2002T00:00:00+00:00;0.000001133;23.5;10;0;0.0021838091
04.01.2002T00:00:00+00:00;0.000001129;24.3;9;0;0.0021838091
05.01.2002T00:00:00+00:00;1.1219226E-006;24.1;10;0;0.0021838091
06.01.2002T00:00:00+00:00;1.11923E-006;23.1;10;0;0.0021838091
07.01.2002T00:00:00+00:00;1.1124728E-006;25;11;0;0.0021838091
08.01.2002T00:00:00+00:00;1.1077054E-006;24.5;11;0;0.0021838091
09.01.2002T00:00:00+00:00;1.0941026E-006;23.1;14;0.0007874;0.0021838091
10.01.2002T00:00:00+00:00;1.0875356E-006;22.3;16;0;0.0021838091
11.01.2002T00:00:00+00:00;1.0794658E-006;22.6;18;0.001279525;0.0021838091
12.01.2002T00:00:00+00:00;1.072832E-006;24.2;17;0.0007874;0.0021838091
13.01.2002T00:00:00+00:00;1.0688246E-006;25.6;17;0;0.0021838091
14.01.2002T00:00:00+00:00;1.0587444E-006;24.3;17;0;0.0021838091
15.01.2002T00:00:00+00:00;1.055258E-006;25.6;13.6;0;0.0021838091
16.01.2002T00:00:00+00:00;1.0487814E-006;26.6;19;0;0.0021838091
17.01.2002T00:00:00+00:00;1.0406172E-006;27.8;20;0;0.0021838091
18.01.2002T00:00:00+00:00;0.000001034;27.4;18;0;0.0021838091
19.01.2002T00:00:00+00:00;1.0186342E-006;27.1;16;0;0.0021838091
20.01.2002T00:00:00+00:00;1.011725E-006;18.1;14;0.001476375;0.0021838091
21.01.2002T00:00:00+00:00;9.981622E-007;19.4;14;0;0.0021838091
22.01.2002T00:00:00+00:00;0.000000995;18;14;0;0.0021838091
23.01.2002T00:00:00+00:00;9.895544E-007;15.4;11;0.002066925;0.0021838091
24.01.2002T00:00:00+00:00;0.000000977;14.3;11;0.004822825;0.0021838091
25.01.2002T00:00:00+00:00;9.728238E-007;13.8;11;0.002066925;0.0021838091
26.01.2002T00:00:00+00:00;9.626256E-007;13.1;10;0.00098425;0.0021838091
27.01.2002T00:00:00+00:00;9.571988E-007;13.3;10.7;0.001476375;0.0021838091
28.01.2002T00:00:00+00:00;9.506284E-007;16.2;11;0.0007874;0.0021838091
29.01.2002T00:00:00+00:00;9.44795E-007;17.7;13.9;0;0.0021838091
30.01.2002T00:00:00+00:00;0.000000941;16.8;13;0;0.0021838091
31.01.2002T00:00:00+00:00;9.301964E-007;19.1;12;0;0.001754019
01.02.2002T00:00:00+00:00;9.393096E-007;13.8;11.9;0.0027559;0.001754019
02.02.2002T00:00:00+00:00;9.36774E-007;14.5;11;0.001279525;0.001754019
03.02.2002T00:00:00+00:00;9.343394E-007;15.8;11;0;0.001754019
04.02.2002T00:00:00+00:00;9.307894E-007;16.2;12.7;0.00098425;0.001754019
05.02.2002T00:00:00+00:00;9.29317E-007;19.6;13.6;0.001476375;0.001754019
06.02.2002T00:00:00+00:00;9.216442E-007;21.1;15;0;0.001754019
07.02.2002T00:00:00+00:00;9.05738E-007;20.3;16;0.000492125;0.001754019
08.02.2002T00:00:00+00:00;9.023534E-007;23;18;0.0007874;0.001754019
09.02.2002T00:00:00+00:00;8.911344E-007;23.8;18;0.000492125;0.001754019
10.02.2002T00:00:00+00:00;8.859494E-007;21;15.6;0.0007874;0.001754019
11.02.2002T00:00:00+00:00;0.000000879;19.3;15.4;0.003051175;0.001754019
12.02.2002T00:00:00+00:00;8.665602E-007;16.9;15;0;0.001754019
13.02.2002T00:00:00+00:00;8.585888E-007;24.8;15;0.0007874;0.001754019
14.02.2002T00:00:00+00:00;8.483356E-007;20.7;18;0;0.001754019
15.02.2002T00:00:00+00:00;8.435848E-007;25.5;17;0;0.001754019
16.02.2002T00:00:00+00:00;8.341506E-007;25.1;17;0.0007874;0.001754019
17.02.2002T00:00:00+00:00;8.229072E-007;23.3;17;0.0007874;0.001754019
18.02.2002T00:00:00+00:00;8.05886E-007;27.3;17.9;0;0.001754019
19.02.2002T00:00:00+00:00;8.018492E-007;25.5;19;0;0.001754019
20.02.2002T00:00:00+00:00;7.987038E-007;23.5;19;0.0007874;0.001754019
21.02.2002T00:00:00+00:00;7.921766E-007;23.6;19;0.0007874;0.001754019
22.02.2002T00:00:00+00:00;7.854448E-007;24.4;19;0.0007874;0.001754019
23.02.2002T00:00:00+00:00;7.795666E-007;25.6;20;0;0.001754019
24.02.2002T00:00:00+00:00;7.751794E-007;24.6;20;0;0.001754019
25.02.2002T00:00:00+00:00;0.00000077;26.5;20;0;0.001754019
26.02.2002T00:00:00+00:00;7.600636E-007;24.6;21;0;0.001754019
27.02.2002T00:00:00+00:00;7.529498E-007;26.4;21;0.0007874;0.0019197015
28.02.2002T00:00:00+00:00;7.445216E-007;26.6;20;0;0.0019197015
01.03.2002T00:00:00+00:00;7.368568E-007;25.3;21;0.001279525;0.0019197015
02.03.2002T00:00:00+00:00;7.316872E-007;25.8;21;0.0007874;0.0019197015
03.03.2002T00:00:00+00:00;7.288714E-007;25;20;0.0007874;0.0019197015
04.03.2002T00:00:00+00:00;7.243608E-007;27.1;20;0;0.0019197015
05.03.2002T00:00:00+00:00;7.19481E-007;25;16;0.0027559;0.0019197015
06.03.2002T00:00:00+00:00;7.148912E-007;20;16;0.0007874;0.0019197015
07.03.2002T00:00:00+00:00;0.00000071;21.1;14;0;0.0019197015
08.03.2002T00:00:00+00:00;7.074386E-007;21.5;13;0;0.0019197015
09.03.2002T00:00:00+00:00;7.040624E-007;25.5;14;0;0.0019197015
10.03.2002T00:00:00+00:00;6.985466E-007;25.6;19;0;0.0019197015
11.03.2002T00:00:00+00:00;6.880786E-007;26.6;20;0.000295275;0.0019197015
12.03.2002T00:00:00+00:00;6.811166E-007;25;21;0;0.0019197015
13.03.2002T00:00:00+00:00;6.767264E-007;26.4;21;0.0007874;0.0019197015
14.03.2002T00:00:00+00:00;0.000000671;25.6;20;0.001476375;0.0019197015
15.03.2002T00:00:00+00:00;6.654698E-007;28.5;22;0.001476375;0.0019197015
16.03.2002T00:00:00+00:00;6.62865E-007;25.8;22;0.0007874;0.0019197015
17.03.2002T00:00:00+00:00;6.554746E-007;23.5;18;0.001476375;0.0019197015
18.03.2002T00:00:00+00:00;6.487364E-007;19.3;17;0.001476375;0.0019197015
19.03.2002T00:00:00+00:00;6.450902E-007;25.5;18;0.001279525;0.0019197015
20.03.2002T00:00:00+00:00;6.401352E-007;28.6;19.4;0;0.0019197015
21.03.2002T00:00:00+00:00;6.3581E-007;26.3;21.4;0.0007874;0.0019197015
22.03.2002T00:00:00+00:00;6.315892E-007;27.5;22;0;0.0019197015
23.03.2002T00:00:00+00:00;6.266536E-007;25.1;20;0.001476375;0.0019197015
24.03.2002T00:00:00+00:00;6.229428E-007;28.6;18;0.001476375;0.0019197015
25.03.2002T00:00:00+00:00;6.181886E-007;23.6;17;0.0007874;0.0019197015
26.03.2002T00:00:00+00:00;6.131518E-007;28.1;20.6;0.0007874;0.0019197015
27.03.2002T00:00:00+00:00;6.08699E-007;30.3;23;0;0.0019197015
28.03.2002T00:00:00+00:00;6.02456E-007;29.6;24;0.0007874;0.0019197015
29.03.2002T00:00:00+00:00;5.966192E-007;26.8;21;0;0.0019197015
30.03.2002T00:00:00+00:00;5.903146E-007;26.3;20;0.00098425;0.0022563977
31.03.2002T00:00:00+00:00;5.872008E-007;25;20;0;0.0022563977
01.04.2002T00:00:00+00:00;6.815302E-007;29.4;21;0;0.0022563977
02.04.2002T00:00:00+00:00;7.377718E-007;31.1;23;0;0.0022563977
03.04.2002T00:00:00+00:00;7.787558E-007;31;22;0.0007874;0.0022563977
04.04.2002T00:00:00+00:00;8.091608E-007;31.8;23.7;0.0062992;0.0022563977
05.04.2002T00:00:00+00:00;8.306386E-007;32.1;24;0;0.0022563977
06.04.2002T00:00:00+00:00;8.381732E-007;31.7;24;0;0.0022563977
07.04.2002T00:00:00+00:00;8.490746E-007;30.4;24;0;0.0022563977
08.04.2002T00:00:00+00:00;8.545882E-007;28.6;25;0.001279525;0.0022563977
09.04.2002T00:00:00+00:00;8.569118E-007;29.5;20;0;0.0022563977
10.04.2002T00:00:00+00:00;8.626328E-007;24.1;17;0.0007874;0.0022563977
11.04.2002T00:00:00+00:00;8.674224E-007;22.4;15;0.001476375;0.0022563977
12.04.2002T00:00:00+00:00;8.678046E-007;25.3;16;0;0.0022563977
13.04.2002T00:00:00+00:00;0.000000869;29.1;18.5;0;0.0022563977
14.04.2002T00:00:00+00:00;8.683592E-007;28.6;20.9;0.0007874;0.0022563977
15.04.2002T00:00:00+00:00;8.675846E-007;31.3;23;0;0.0022563977
16.04.2002T00:00:00+00:00;8.638486E-007;33;23.6;0;0.0022563977
17.04.2002T00:00:00+00:00;8.553038E-007;31.6;23;0.001476375;0.0022563977
18.04.2002T00:00:00+00:00;8.48261E-007;25.5;20;0.049507775;0.0022563977
19.04.2002T00:00:00+00:00;8.451178E-007;28.9;20.5;0.00177165;0.0022563977
20.04.2002T00:00:00+00:00;8.38679E-007;29.1;24.5;0;0.0022563977
21.04.2002T00:00:00+00:00;0.00000083;30.1;25;0.0007874;0.0022563977
22.04.2002T00:00:00+00:00;8.229124E-007;30.1;25;0.0007874;0.0022563977
23.04.2002T00:00:00+00:00;8.170764E-007;32.7;25;0.0007874;0.0022563977
24.04.2002T00:00:00+00:00;8.09515E-007;33;22;0;0.0022563977
25.04.2002T00:00:00+00:00;7.96775E-007;32.4;22;0.00255905;0.0022563977
26.04.2002T00:00:00+00:00;7.895426E-007;31.6;23.1;0;0.0022563977
27.04.2002T00:00:00+00:00;7.837114E-007;32.6;25.8;0;0.0022563977
28.04.2002T00:00:00+00:00;7.604202E-007;32.4;26;0;0.0022563977
29.04.2002T00:00:00+00:00;7.456604E-007;33.1;26;0.0007874;0.0030433891
30.04.2002T00:00:00+00:00;7.378486E-007;33.6;24;0;0.0030433891
01.05.2002T00:00:00+00:00;7.277864E-007;30.1;23;0.022736175;0.0030433891
02.05.2002T00:00:00+00:00;7.1564E-007;33;24.3;0;0.0030433891
03.05.2002T00:00:00+00:00;7.052816E-007;33.6;26;0;0.0030433891
04.05.2002T00:00:00+00:00;6.990898E-007;33.3;25;0;0.0030433891
05.05.2002T00:00:00+00:00;6.868616E-007;33;24;0;0.0030433891
06.05.2002T00:00:00+00:00;6.761206E-007;33.2;25;0;0.0030433891
07.05.2002T00:00:00+00:00;6.689204E-007;34.1;25;0.0007874;0.0030433891
08.05.2002T00:00:00+00:00;6.586074E-007;32.4;23.4;0.00177165;0.0030433891
09.05.2002T00:00:00+00:00;6.46689E-007;33.1;23;0.031791275;0.0030433891
10.05.2002T00:00:00+00:00;6.356038E-007;29;24;0.00531495;0.0030433891
11.05.2002T00:00:00+00:00;6.255004E-007;27;23;0.001476375;0.0030433891
12.05.2002T00:00:00+00:00;6.137324E-007;29.5;23.7;0.0070866;0.0030433891
13.05.2002T00:00:00+00:00;0.000000603;32.1;25.9;0.0007874;0.0030433891
14.05.2002T00:00:00+00:00;5.926646E-007;27.1;21;0.020964525;0.0030433891
15.05.2002T00:00:00+00:00;5.787148E-007;30;22.3;0;0.0030433891
16.05.2002T00:00:00+00:00;5.62651E-007;29;24;0.011909425;0.0030433891
17.05.2002T00:00:00+00:00;1.8628338E-005;30;23.5;0.02775585;0.0030433891
18.05.2002T00:00:00+00:00;5.031174E-005;32;24;0.014665325;0.0030433891
19.05.2002T00:00:00+00:00;0.0001357353;33;24.2;0;0.0030433891
20.05.2002T00:00:00+00:00;0.0002608728;36;26.8;0.000295275;0.0030433891
21.05.2002T00:00:00+00:00;0.0003388222;38.5;28.5;0;0.0030433891
22.05.2002T00:00:00+00:00;0.000352349;35;26;0;0.0030433891
23.05.2002T00:00:00+00:00;0.0003011196;32;24.7;0.01082675;0.0030433891
24.05.2002T00:00:00+00:00;0.0002551338;27;23.2;0.021751925;0.0030433891
25.05.2002T00:00:00+00:00;0.0002210216;31;22.9;0.001279525;0.0030433891
26.05.2002T00:00:00+00:00;0.0002155668;33;24.9;0;0.0030433891
27.05.2002T00:00:00+00:00;0.0002091694;33.2;26;0;0.0030433891
28.05.2002T00:00:00+00:00;0.000204497;33.1;26.6;0;0.0030433891
29.05.2002T00:00:00+00:00;0.0001916213;35.1;27;0.00098425;0.0030433891
30.05.2002T00:00:00+00:00;0.0001647852;35;25.8;0.00177165;0.0030893209
31.05.2002T00:00:00+00:00;0.0001386457;34;25.4;0.00531495;0.0030893209
01.06.2002T00:00:00+00:00;0.0001179455;35;25.8;0;0.0030893209
02.06.2002T00:00:00+00:00;0.000104188;31;26.3;0;0.0030893209
03.06.2002T00:00:00+00:00;9.258848E-005;34;26.1;0.001279525;0.0030893209
04.06.2002T00:00:00+00:00;8.174222E-005;33.4;27.3;0.001476375;0.0030893209
05.06.2002T00:00:00+00:00;7.21133E-005;34.4;27.5;0;0.0030893209
06.06.2002T00:00:00+00:00;6.295852E-005;35;26.2;0.00098425;0.0030893209
07.06.2002T00:00:00+00:00;5.481936E-005;33.5;26;0;0.0030893209
08.06.2002T00:00:00+00:00;4.79013E-005;32;25;0.0696849;0.0030893209
09.06.2002T00:00:00+00:00;5.049234E-005;31.7;26;0.000295275;0.0030893209
10.06.2002T00:00:00+00:00;5.062576E-005;31.8;25;0;0.0030893209
11.06.2002T00:00:00+00:00;5.265616E-005;32;24;0.003248025;0.0030893209
12.06.2002T00:00:00+00:00;5.062426E-005;31.5;25;0;0.0030893209
13.06.2002T00:00:00+00:00;4.78122E-005;33;26;0.0027559;0.0030893209
14.06.2002T00:00:00+00:00;4.42651E-005;35.4;25;0;0.0030893209
15.06.2002T00:00:00+00:00;4.386436E-005;35;27;0;0.0030893209
16.06.2002T00:00:00+00:00;4.028516E-005;34.7;26;0.000492125;0.0030893209
17.06.2002T00:00:00+00:00;3.627342E-005;33.6;25;0;0.0030893209
18.06.2002T00:00:00+00:00;3.341074E-005;33.3;25.3;0.023720425;0.0030893209
19.06.2002T00:00:00+00:00;3.048344E-005;35.4;25.3;0.00177165;0.0030893209
20.06.2002T00:00:00+00:00;2.78603E-005;35.1;26.1;0.012106275;0.0030893209
21.06.2002T00:00:00+00:00;2.49896E-005;35.4;29;0;0.0030893209
22.06.2002T00:00:00+00:00;2.234008E-005;34;27;0;0.0030893209
23.06.2002T00:00:00+00:00;2.011344E-005;35;27;0.0035433;0.0030893209
24.06.2002T00:00:00+00:00;0.000017939;34;27.7;0;0.0030893209
25.06.2002T00:00:00+00:00;1.6264692E-005;34;27.6;0.00098425;0.0030893209
26.06.2002T00:00:00+00:00;1.4761786E-005;33;26;0.0090551;0.0030893209
27.06.2002T00:00:00+00:00;1.3549706E-005;35;26.7;0.0007874;0.0030893209
28.06.2002T00:00:00+00:00;1.2401372E-005;34.8;28;0.000492125;0.0030893209
29.06.2002T00:00:00+00:00;1.1407934E-005;36;27;0;0.003005718
30.06.2002T00:00:00+00:00;1.0670312E-005;34.3;24;0.025492075;0.003005718
01.07.2002T00:00:00+00:00;0.0001708219;32.2;25;0.042618025;0.003005718
02.07.2002T00:00:00+00:00;0.000507262;34;26;0.0007874;0.003005718
03.07.2002T00:00:00+00:00;0.0005462748;34.4;27.6;0;0.003005718
04.07.2002T00:00:00+00:00;0.0003466556;35.4;27;0;0.003005718
05.07.2002T00:00:00+00:00;0.0002254996;35.6;25;0.00098425;0.003005718
06.07.2002T00:00:00+00:00;0.0001824258;30;25;0.0188976;0.003005718
07.07.2002T00:00:00+00:00;0.0001658611;34.4;26;0;0.003005718
08.07.2002T00:00:00+00:00;0.000148474;31.4;25;0.00610235;0.003005718
09.07.2002T00:00:00+00:00;0.000130077;36.1;26.5;0.0007874;0.003005718
10.07.2002T00:00:00+00:00;0.0001178312;36;27;0;0.003005718
11.07.2002T00:00:00+00:00;0.0001057677;33;25;0.0035433;0.003005718
12.07.2002T00:00:00+00:00;9.205024E-005;35.4;26;0;0.003005718
13.07.2002T00:00:00+00:00;7.85875E-005;37.1;26;0.001279525;0.003005718
14.07.2002T00:00:00+00:00;6.628282E-005;33.4;25;0;0.003005718
15.07.2002T00:00:00+00:00;5.600108E-005;33.9;26;0.00177165;0.003005718
16.07.2002T00:00:00+00:00;4.736676E-005;32.5;27;0;0.003005718
17.07.2002T00:00:00+00:00;4.07028E-005;33.3;27;0.002066925;0.003005718
18.07.2002T00:00:00+00:00;3.521912E-005;36.5;27;0;0.003005718
19.07.2002T00:00:00+00:00;3.052164E-005;35;27;0.0007874;0.003005718
20.07.2002T00:00:00+00:00;0.000026823;32.4;24;0.001279525;0.003005718
21.07.2002T00:00:00+00:00;2.369964E-005;29.6;24;0.0007874;0.003005718
22.07.2002T00:00:00+00:00;2.09784E-005;33.2;25;0.001476375;0.003005718
23.07.2002T00:00:00+00:00;1.8780466E-005;34;21.7;0.003051175;0.003005718
24.07.2002T00:00:00+00:00;1.6863094E-005;32.8;26;0.001476375;0.003005718
25.07.2002T00:00:00+00:00;1.5205534E-005;31.7;25;0.001279525;0.003005718
26.07.2002T00:00:00+00:00;1.376756E-005;31.8;26;0.0043307;0.003005718
27.07.2002T00:00:00+00:00;1.255817E-005;34.2;26;0;0.003005718
28.07.2002T00:00:00+00:00;1.153171E-005;33.2;26;0.021948775;0.003005718
29.07.2002T00:00:00+00:00;1.057578E-005;33.2;26;0.00374015;0.003005718
30.07.2002T00:00:00+00:00;9.74323E-006;29.6;25;0;0.0026167042
31.07.2002T00:00:00+00:00;9.046406E-006;30.4;25;0.022736175;0.0026167042
01.08.2002T00:00:00+00:00;0.0003898542;31.8;25;0.07263765;0.0026167042
02.08.2002T00:00:00+00:00;0.00223681;34.2;25.7;0.022933025;0.0026167042
03.08.2002T00:00:00+00:00;0.003358216;35.4;25;0;0.0026167042
04.08.2002T00:00:00+00:00;0.0019755764;35.3;25.4;0;0.0026167042
05.08.2002T00:00:00+00:00;0.0009696178;35;27;0;0.0026167042
06.08.2002T00:00:00+00:00;0.0005453082;36;27;0;0.0026167042
07.08.2002T00:00:00+00:00;0.0003493548;35.1;27;0;0.0026167042
08.08.2002T00:00:00+00:00;0.0002416854;33.6;27;0.0007874;0.0026167042
09.08.2002T00:00:00+00:00;0.0001753479;30.8;25;0.00177165;0.0026167042
10.08.2002T00:00:00+00:00;0.0001448805;28;24;0.024704675;0.0026167042
11.08.2002T00:00:00+00:00;0.0001193961;30.8;25.6;0.00177165;0.0026167042
12.08.2002T00:00:00+00:00;9.756312E-005;32.2;26;0.002066925;0.0026167042
13.08.2002T00:00:00+00:00;7.934794E-005;32.1;26;0;0.0026167042
14.08.2002T00:00:00+00:00;6.674712E-005;33.4;26;0;0.0026167042
15.08.2002T00:00:00+00:00;5.534462E-005;33.8;26;0;0.0026167042
16.08.2002T00:00:00+00:00;4.584256E-005;31.4;26;0.00098425;0.0026167042
17.08.2002T00:00:00+00:00;0.000038265;29.5;25;0.000295275;0.0026167042
18.08.2002T00:00:00+00:00;3.224722E-005;28.4;23;0.001476375;0.0026167042
19.08.2002T00:00:00+00:00;0.00002757;33;23.3;0;0.0026167042
20.08.2002T00:00:00+00:00;2.376752E-005;33.4;25.4;0;0.0026167042
21.08.2002T00:00:00+00:00;2.063762E-005;30.8;24;0.00177165;0.0026167042
22.08.2002T00:00:00+00:00;1.8177816E-005;29.9;24;0.0090551;0.0026167042
23.08.2002T00:00:00+00:00;1.9777318E-005;31.8;25;0.0429133;0.0026167042
24.08.2002T00:00:00+00:00;1.7876424E-005;33.6;25.7;0;0.0026167042
25.08.2002T00:00:00+00:00;1.5437594E-005;34.5;27;0;0.0026167042
26.08.2002T00:00:00+00:00;1.3851902E-005;33.5;27;0;0.0026167042
27.08.2002T00:00:00+00:00;1.1846844E-005;32.5;24;0.00098425;0.0026167042
28.08.2002T00:00:00+00:00;1.0703284E-005;32.8;24;0.0027559;0.0026167042
29.08.2002T00:00:00+00:00;9.681788E-006;33;25;0;0.0026167042
30.08.2002T00:00:00+00:00;0.000008775;33.2;24;0.018208625;0.0028641732
31.08.2002T00:00:00+00:00;8.288774E-006;34.3;25.5;0;0.0028641732
01.09.2002T00:00:00+00:00;8.335364E-006;33.6;26;0;0.0028641732
02.09.2002T00:00:00+00:00;8.042476E-006;34.1;26;0.0007874;0.0028641732
03.09.2002T00:00:00+00:00;7.618474E-006;34;24;0;0.0028641732
04.09.2002T00:00:00+00:00;7.179874E-006;32.5;23;0.004822825;0.0028641732
05.09.2002T00:00:00+00:00;6.82075E-006;32.5;23;0;0.0028641732
06.09.2002T00:00:00+00:00;6.532094E-006;33.6;25;0;0.0028641732
07.09.2002T00:00:00+00:00;6.169088E-006;33.5;25;0;0.0028641732
08.09.2002T00:00:00+00:00;5.840828E-006;31.9;25;0;0.0028641732
09.09.2002T00:00:00+00:00;5.593112E-006;33.5;25;0.000492125;0.0028641732
10.09.2002T00:00:00+00:00;5.344762E-006;34.2;26;0;0.0028641732
11.09.2002T00:00:00+00:00;5.090194E-006;34.2;26;0;0.0028641732
12.09.2002T00:00:00+00:00;4.876068E-006;35;24;0.006594475;0.0028641732
13.09.2002T00:00:00+00:00;4.617764E-006;33.3;25;0.023720425;0.0028641732
14.09.2002T00:00:00+00:00;0.000047007;33.8;25;0.046948725;0.0028641732
15.09.2002T00:00:00+00:00;0.0003318132;30.3;25;0.031791275;0.0028641732
16.09.2002T00:00:00+00:00;0.0012507196;33;24;0;0.0028641732
17.09.2002T00:00:00+00:00;0.0014098648;30.7;22;0.0007874;0.0028641732
18.09.2002T00:00:00+00:00;0.0010795904;25.2;22;0.0322834;0.0028641732
19.09.2002T00:00:00+00:00;0.001487567;30.2;23;0.00374015;0.0028641732
20.09.2002T00:00:00+00:00;0.0019026784;32.5;23;0.006791325;0.0028641732
21.09.2002T00:00:00+00:00;0.0015856806;31.7;24;0;0.0028641732
22.09.2002T00:00:00+00:00;0.0013680676;28;23;0.0188976;0.0028641732
23.09.2002T00:00:00+00:00;0.0015358128;28;23;0;0.0028641732
24.09.2002T00:00:00+00:00;0.0016035576;29;22;0;0.0028641732
25.09.2002T00:00:00+00:00;0.001291208;31.8;23.3;0;0.0028641732
26.09.2002T00:00:00+00:00;0.0008980672;32.9;25;0;0.0028641732
27.09.2002T00:00:00+00:00;0.0006038982;34.5;23;0;0.0028641732
28.09.2002T00:00:00+00:00;0.0004145228;31.4;24;0.000492125;0.0028641732
29.09.2002T00:00:00+00:00;0.0002994782;32.5;25;0;0.0029869704
30.09.2002T00:00:00+00:00;0.0002263776;31;24;0;0.0029869704
01.10.2002T00:00:00+00:00;0.0001769618;28.3;24;0;0.0029869704
02.10.2002T00:00:00+00:00;0.0001420886;31.7;23;0;0.0029869704
03.10.2002T00:00:00+00:00;0.0001165877;30.6;24;0;0.0029869704
04.10.2002T00:00:00+00:00;9.738288E-005;29.3;24;0.0027559;0.0029869704
05.10.2002T00:00:00+00:00;8.263116E-005;32.7;22;0.000492125;0.0029869704
06.10.2002T00:00:00+00:00;7.116768E-005;29;18;0.04114165;0.0029869704
07.10.2002T00:00:00+00:00;6.138082E-005;31;18;0;0.0029869704
08.10.2002T00:00:00+00:00;5.390272E-005;30.5;18;0;0.0029869704
09.10.2002T00:00:00+00:00;4.782208E-005;29.4;19;0;0.0029869704
10.10.2002T00:00:00+00:00;4.234036E-005;29.7;18;0;0.0029869704
11.10.2002T00:00:00+00:00;0.000037854;29.5;18;0;0.0029869704
12.10.2002T00:00:00+00:00;3.428536E-005;30;19;0;0.0029869704
13.10.2002T00:00:00+00:00;3.110068E-005;31.5;21;0;0.0029869704
14.10.2002T00:00:00+00:00;2.813872E-005;32.8;22;0;0.0029869704
15.10.2002T00:00:00+00:00;2.564816E-005;32.8;23;0;0.0029869704
16.10.2002T00:00:00+00:00;2.36385E-005;31.2;24;0;0.0029869704
17.10.2002T00:00:00+00:00;2.190518E-005;34.2;25;0;0.0029869704
18.10.2002T00:00:00+00:00;2.032606E-005;34;26;0;0.0029869704
19.10.2002T00:00:00+00:00;0.000018953;34.3;26;0;0.0029869704
20.10.2002T00:00:00+00:00;1.7695356E-005;34.5;23;0;0.0029869704
21.10.2002T00:00:00+00:00;1.663419E-005;24.3;21;0.028247975;0.0029869704
22.10.2002T00:00:00+00:00;1.550393E-005;22.2;19;0;0.0029869704
23.10.2002T00:00:00+00:00;0.000014402;22.9;19;0.003051175;0.0029869704
24.10.2002T00:00:00+00:00;1.3372844E-005;26;20;0;0.0029869704
25.10.2002T00:00:00+00:00;1.2495338E-005;27.7;18.6;0;0.0029869704
26.10.2002T00:00:00+00:00;1.1745942E-005;22.5;21;0;0.0029869704
27.10.2002T00:00:00+00:00;1.1153488E-005;22.3;20;0.00098425;0.0029869704
28.10.2002T00:00:00+00:00;1.0520842E-005;28;21.5;0;0.0029869704
29.10.2002T00:00:00+00:00;1.004949E-005;32;21;0.0401574;0.0029869704
30.10.2002T00:00:00+00:00;9.60914E-006;24;20;0.00885825;0.0027591864
31.10.2002T00:00:00+00:00;0.00000913;26.2;20;0.000492125;0.0027591864
01.11.2002T00:00:00+00:00;8.804458E-006;28;20;0.002066925;0.0027591864
02.11.2002T00:00:00+00:00;8.48981E-006;26.7;18;0;0.0027591864
03.11.2002T00:00:00+00:00;8.209628E-006;23.9;15;0;0.0027591864
04.11.2002T00:00:00+00:00;7.91907E-006;26;15;0;0.0027591864
05.11.2002T00:00:00+00:00;7.601604E-006;25.9;15;0;0.0027591864
06.11.2002T00:00:00+00:00;7.315254E-006;27;17;0;0.0027591864
07.11.2002T00:00:00+00:00;7.094266E-006;28.4;16;0;0.0027591864
08.11.2002T00:00:00+00:00;0.000006829;29.4;16;0;0.0027591864
09.11.2002T00:00:00+00:00;6.583938E-006;28.7;18;0;0.0027591864
10.11.2002T00:00:00+00:00;0.000006426;28;20;0;0.0027591864
11.11.2002T00:00:00+00:00;6.177534E-006;29.4;22;0;0.0027591864
12.11.2002T00:00:00+00:00;0.000005995;30.1;23.6;0;0.0027591864
13.11.2002T00:00:00+00:00;5.736384E-006;31.8;23;0;0.0027591864
14.11.2002T00:00:00+00:00;5.517324E-006;31.2;24;0;0.0027591864
15.11.2002T00:00:00+00:00;5.306382E-006;33.7;21;0;0.0027591864
16.11.2002T00:00:00+00:00;0.000005105;27;20;0;0.0027591864
17.11.2002T00:00:00+00:00;4.898802E-006;23;16.8;0.005807075;0.0027591864
18.11.2002T00:00:00+00:00;4.718886E-006;19.5;17;0.011909425;0.0027591864
19.11.2002T00:00:00+00:00;4.605312E-006;21;17.8;0.01161415;0.0027591864
20.11.2002T00:00:00+00:00;4.4835E-006;24;19;0;0.0027591864
21.11.2002T00:00:00+00:00;4.36679E-006;21.6;16;0.0055118;0.0027591864
22.11.2002T00:00:00+00:00;4.260712E-006;22;16.1;0.002066925;0.0027591864
23.11.2002T00:00:00+00:00;4.15274E-006;22.7;17.3;0;0.0027591864
24.11.2002T00:00:00+00:00;4.071828E-006;26;18;0.000492125;0.0027591864
25.11.2002T00:00:00+00:00;4.00157E-006;20;15;0;0.0027591864
26.11.2002T00:00:00+00:00;3.949668E-006;16.5;13;0;0.0027591864
27.11.2002T00:00:00+00:00;3.878536E-006;15;13.5;0.002066925;0.0027591864
28.11.2002T00:00:00+00:00;3.81236E-006;20;14.7;0.006594475;0.0027591864
29.11.2002T00:00:00+00:00;3.745728E-006;21;17;0;0.0025346832
30.11.2002T00:00:00+00:00;3.691652E-006;22;18;0.001476375;0.0025346832
01.12.2002T00:00:00+00:00;3.74714E-006;23.8;19;0;0.0025346832
02.12.2002T00:00:00+00:00;3.770766E-006;25.3;21;0;0.0025346832
03.12.2002T00:00:00+00:00;3.774062E-006;28.3;21.9;0;0.0025346832
04.12.2002T00:00:00+00:00;3.775662E-006;30.3;22;0;0.0025346832
05.12.2002T00:00:00+00:00;3.7549E-006;30.1;22.1;0;0.0025346832
06.12.2002T00:00:00+00:00;3.73241E-006;31.2;23.8;0;0.0025346832
07.12.2002T00:00:00+00:00;3.727446E-006;30.8;18;0;0.0025346832
08.12.2002T00:00:00+00:00;3.70988E-006;19;15;0.008562975;0.0025346832
09.12.2002T00:00:00+00:00;3.691254E-006;18.2;14.8;0;0.0025346832
10.12.2002T00:00:00+00:00;3.684316E-006;19.1;13;0;0.0025346832
11.12.2002T00:00:00+00:00;3.670074E-006;17.1;12;0.010334625;0.0025346832
12.12.2002T00:00:00+00:00;3.650334E-006;21.3;13.6;0;0.0025346832
13.12.2002T00:00:00+00:00;3.619444E-006;22;14.7;0;0.0025346832
14.12.2002T00:00:00+00:00;3.596248E-006;19.7;18;0;0.0025346832
15.12.2002T00:00:00+00:00;3.579866E-006;22.8;18;0;0.0025346832
16.12.2002T00:00:00+00:00;3.560388E-006;24.7;19;0.00098425;0.0025346832
17.12.2002T00:00:00+00:00;3.540564E-006;26;20;0;0.0025346832
18.12.2002T00:00:00+00:00;3.522198E-006;28.8;21.8;0;0.0025346832
19.12.2002T00:00:00+00:00;3.486438E-006;30.4;22;0;0.0025346832
20.12.2002T00:00:00+00:00;3.456372E-006;24.7;17;0;0.0025346832
21.12.2002T00:00:00+00:00;3.439824E-006;22.3;16;0;0.0025346832
22.12.2002T00:00:00+00:00;3.403392E-006;19.2;16;0.000295275;0.0025346832
23.12.2002T00:00:00+00:00;3.361644E-006;19.6;16.8;0;0.0025346832
24.12.2002T00:00:00+00:00;3.334744E-006;21.2;17;0;0.0025346832
25.12.2002T00:00:00+00:00;3.304288E-006;21.5;12;0.003051175;0.0025346832
26.12.2002T00:00:00+00:00;3.263128E-006;11.8;8;0.032775525;0.0025346832
27.12.2002T00:00:00+00:00;3.236424E-006;12;8.2;0.0035433;0.0025346832
28.12.2002T00:00:00+00:00;3.196694E-006;12.8;9;0;0.0025346832
29.12.2002T00:00:00+00:00;3.155384E-006;13;10;0;0.0025346832
30.12.2002T00:00:00+00:00;3.127062E-006;13;10.7;0;0.0021838091
31.12.2002T00:00:00+00:00;3.08345E-006;14.5;11;0.000295275;0.0021838091
01.01.2003T00:00:00+00:00;0.000002914;14;11.9;0.00098425;0.0021838091
02.01.2003T00:00:00+00:00;0.000002805;15;12;0.0125984;0.0021838091
03.01.2003T00:00:00+00:00;0.000002723;19;13;0.00098425;0.0021838091
04.01.2003T00:00:00+00:00;2.638914E-006;18;12;0;0.0021838091
05.01.2003T00:00:00+00:00;2.572112E-006;13;9;0.006791325;0.0021838091
06.01.2003T00:00:00+00:00;2.515842E-006;16;8;0.018405475;0.0021838091
07.01.2003T00:00:00+00:00;2.450252E-006;16.5;8.2;0;0.0021838091
08.01.2003T00:00:00+00:00;2.394928E-006;13.6;10;0;0.0021838091
09.01.2003T00:00:00+00:00;2.340202E-006;14;11;0.00098425;0.0021838091
10.01.2003T00:00:00+00:00;2.28934E-006;20;10;0;0.0021838091
11.01.2003T00:00:00+00:00;2.23984E-006;20.4;10;0;0.0021838091
12.01.2003T00:00:00+00:00;2.19322E-006;20.6;9;0;0.0021838091
13.01.2003T00:00:00+00:00;2.146718E-006;22;10;0;0.0021838091
14.01.2003T00:00:00+00:00;2.09512E-006;21.5;11;0;0.0021838091
15.01.2003T00:00:00+00:00;2.04859E-006;21.4;12;0;0.0021838091
16.01.2003T00:00:00+00:00;2.009876E-006;23;12;0;0.0021838091
17.01.2003T00:00:00+00:00;1.9764088E-006;23.9;13;0;0.0021838091
18.01.2003T00:00:00+00:00;1.9346398E-006;23.7;15;0;0.0021838091
19.01.2003T00:00:00+00:00;1.8971944E-006;25;15;0;0.0021838091
20.01.2003T00:00:00+00:00;1.8519048E-006;25.5;15;0;0.0021838091
21.01.2003T00:00:00+00:00;0.000001816;24.6;16;0;0.0021838091
22.01.2003T00:00:00+00:00;1.7841324E-006;24.3;17;0.000295275;0.0021838091
23.01.2003T00:00:00+00:00;1.7417674E-006;22;18;0;0.0021838091
24.01.2003T00:00:00+00:00;1.707897E-006;26.5;18;0;0.0021838091
25.01.2003T00:00:00+00:00;1.6731864E-006;29;20;0;0.0021838091
26.01.2003T00:00:00+00:00;1.6333828E-006;28.5;17;0;0.0021838091
27.01.2003T00:00:00+00:00;0.000001598;20;15;0;0.0021838091
28.01.2003T00:00:00+00:00;1.5716356E-006;20.1;14;0;0.0021838091
29.01.2003T00:00:00+00:00;1.5395094E-006;19.2;15;0;0.0021838091
30.01.2003T00:00:00+00:00;1.515189E-006;24.1;15.8;0;0.0021838091
31.01.2003T00:00:00+00:00;1.4898374E-006;25;17.8;0;0.001754019
01.02.2003T00:00:00+00:00;1.5408666E-006;22.8;16;0;0.001754019
02.02.2003T00:00:00+00:00;1.5635486E-006;16.8;12;0.000492125;0.001754019
03.02.2003T00:00:00+00:00;1.5652696E-006;15;11.9;0.003248025;0.001754019
04.02.2003T00:00:00+00:00;1.552693E-006;20;13;0;0.001754019
05.02.2003T00:00:00+00:00;0.000001549;20.3;13;0;0.001754019
06.02.2003T00:00:00+00:00;1.5345974E-006;20.3;14;0;0.001754019
07.02.2003T00:00:00+00:00;1.5125838E-006;23.3;14;0;0.001754019
08.02.2003T00:00:00+00:00;1.5002406E-006;24.3;16.4;0;0.001754019
09.02.2003T00:00:00+00:00;1.480639E-006;26.8;17.4;0;0.001754019
10.02.2003T00:00:00+00:00;1.4544604E-006;27.6;20;0;0.001754019
11.02.2003T00:00:00+00:00;1.43545E-006;26.3;21.5;0;0.001754019
12.02.2003T00:00:00+00:00;1.4155968E-006;22.4;12;0.0204724;0.001754019
13.02.2003T00:00:00+00:00;1.3934648E-006;14.3;12;0.0106299;0.001754019
14.02.2003T00:00:00+00:00;1.366544E-006;18;13.5;0.000492125;0.001754019
15.02.2003T00:00:00+00:00;1.3373966E-006;25.5;17;0.0007874;0.001754019
16.02.2003T00:00:00+00:00;1.313782E-006;28.2;21.5;0;0.001754019
17.02.2003T00:00:00+00:00;1.291505E-006;26;20;0;0.001754019
18.02.2003T00:00:00+00:00;1.2703864E-006;27.6;21;0;0.001754019
19.02.2003T00:00:00+00:00;1.2498194E-006;28;21;0;0.001754019
20.02.2003T00:00:00+00:00;1.216427E-006;27;21;0;0.001754019
21.02.2003T00:00:00+00:00;1.1941302E-006;28;22.3;0;0.001754019
22.02.2003T00:00:00+00:00;0.000001179;28.3;22.9;0;0.001754019
23.02.2003T00:00:00+00:00;1.1520938E-006;29;22.6;0;0.001754019
24.02.2003T00:00:00+00:00;1.1286942E-006;30;22.7;0;0.001754019
25.02.2003T00:00:00+00:00;0.00000111;28;23;0;0.001754019
26.02.2003T00:00:00+00:00;1.0868448E-006;26;22;0;0.001754019
27.02.2003T00:00:00+00:00;0.000001066;28.9;22;0;0.0019197015
28.02.2003T00:00:00+00:00;1.0417534E-006;29.1;22;0.0007874;0.0019197015
01.03.2003T00:00:00+00:00;1.0091928E-006;29;22;0.0007874;0.0019197015
02.03.2003T00:00:00+00:00;9.75111E-007;29;23;0;0.0019197015
03.03.2003T00:00:00+00:00;9.40282E-007;31.7;23;0;0.0019197015
04.03.2003T00:00:00+00:00;9.058158E-007;36.5;21;0;0.0019197015
05.03.2003T00:00:00+00:00;8.643056E-007;37.2;22;0;0.0019197015
06.03.2003T00:00:00+00:00;8.358094E-007;21.9;16;0;0.0019197015
07.03.2003T00:00:00+00:00;8.17567E-007;18.8;16;0;0.0019197015
08.03.2003T00:00:00+00:00;7.892358E-007;18.3;15;0;0.0019197015
09.03.2003T00:00:00+00:00;7.678204E-007;18.7;14;0;0.0019197015
10.03.2003T00:00:00+00:00;7.429244E-007;21.6;15;0;0.0019197015
11.03.2003T00:00:00+00:00;7.201734E-007;21.7;17;0;0.0019197015
12.03.2003T00:00:00+00:00;6.961196E-007;23.2;18;0.003248025;0.0019197015
13.03.2003T00:00:00+00:00;6.66915E-007;24.7;20;0.00177165;0.0019197015
14.03.2003T00:00:00+00:00;6.472442E-007;25.3;20;0;0.0019197015
15.03.2003T00:00:00+00:00;6.327494E-007;27.9;20.5;0;0.0019197015
16.03.2003T00:00:00+00:00;6.102312E-007;28.5;21.7;0;0.0019197015
17.03.2003T00:00:00+00:00;5.962202E-007;29;22.8;0;0.0019197015
18.03.2003T00:00:00+00:00;0.000000578;26.7;17;0;0.0019197015
19.03.2003T00:00:00+00:00;5.56494E-007;18.3;14;0.002263775;0.0019197015
20.03.2003T00:00:00+00:00;5.33335E-007;17.5;13.7;0.0007874;0.0019197015
21.03.2003T00:00:00+00:00;5.121464E-007;20.1;15.9;0;0.0019197015
22.03.2003T00:00:00+00:00;4.885114E-007;21.5;16;0;0.0019197015
23.03.2003T00:00:00+00:00;4.70238E-007;20;16;0.003248025;0.0019197015
24.03.2003T00:00:00+00:00;4.547888E-007;25;17.4;0.000492125;0.0019197015
25.03.2003T00:00:00+00:00;4.383468E-007;25;19;0;0.0019197015
26.03.2003T00:00:00+00:00;4.294856E-007;28;20;0;0.0019197015
27.03.2003T00:00:00+00:00;4.061936E-007;26;21;0;0.0019197015
28.03.2003T00:00:00+00:00;3.93897E-007;27.2;21.8;0;0.0019197015
29.03.2003T00:00:00+00:00;3.828156E-007;27;22;0;0.0019197015
30.03.2003T00:00:00+00:00;3.723698E-007;26.8;23;0.000492125;0.0022563977
31.03.2003T00:00:00+00:00;3.529484E-007;32.5;23;0;0.0022563977
01.04.2003T00:00:00+00:00;3.63839E-007;35;23;0;0.0022563977
02.04.2003T00:00:00+00:00;3.61849E-007;36.2;24;0;0.0022563977
03.04.2003T00:00:00+00:00;3.571022E-007;34.5;24;0;0.0022563977
04.04.2003T00:00:00+00:00;3.527812E-007;32;22;0;0.0022563977
05.04.2003T00:00:00+00:00;0.000000346;23.3;18;0;0.0022563977
06.04.2003T00:00:00+00:00;3.356694E-007;24;18;0.00255905;0.0022563977
07.04.2003T00:00:00+00:00;3.302366E-007;27;20.8;0;0.0022563977
08.04.2003T00:00:00+00:00;3.221116E-007;24;22;0.0035433;0.0022563977
09.04.2003T00:00:00+00:00;3.121006E-007;24;22;0.001279525;0.0022563977
10.04.2003T00:00:00+00:00;3.000706E-007;30.3;23.3;0;0.0022563977
11.04.2003T00:00:00+00:00;2.887886E-007;31.4;24.6;0;0.0022563977
12.04.2003T00:00:00+00:00;2.788814E-007;32.2;24.9;0;0.0022563977
13.04.2003T00:00:00+00:00;2.734702E-007;34.6;23;0;0.0022563977
14.04.2003T00:00:00+00:00;2.673072E-007;28.3;21;0;0.0022563977
15.04.2003T00:00:00+00:00;2.604266E-007;26.5;22;0;0.0022563977
16.04.2003T00:00:00+00:00;2.536796E-007;27.8;22;0.002066925;0.0022563977
17.04.2003T00:00:00+00:00;2.464944E-007;31.5;23;0;0.0022563977
18.04.2003T00:00:00+00:00;2.402606E-007;32.5;25;0;0.0022563977
19.04.2003T00:00:00+00:00;2.32139E-007;33.3;23;0;0.0022563977
20.04.2003T00:00:00+00:00;2.307472E-007;29.5;23;0.011318875;0.0022563977
21.04.2003T00:00:00+00:00;2.229492E-007;30;24;0;0.0022563977
22.04.2003T00:00:00+00:00;2.165774E-007;31.5;24;0;0.0022563977
23.04.2003T00:00:00+00:00;2.113868E-007;31;25;0;0.0022563977
24.04.2003T00:00:00+00:00;2.034614E-007;32.5;25;0;0.0022563977
25.04.2003T00:00:00+00:00;1.9474772E-007;32.1;24;0;0.0022563977
26.04.2003T00:00:00+00:00;0.000000189;31.2;24;0.022736175;0.0022563977
27.04.2003T00:00:00+00:00;1.8342186E-007;32;24;0.000492125;0.0022563977
28.04.2003T00:00:00+00:00;1.8047096E-007;32;24;0;0.0022563977
29.04.2003T00:00:00+00:00;1.7856938E-007;32.6;22;0.01240155;0.0030433891
30.04.2003T00:00:00+00:00;1.7591566E-007;30.8;19;0.001476375;0.0030433891
01.05.2003T00:00:00+00:00;1.7222122E-007;31.4;22.1;0;0.0030433891
02.05.2003T00:00:00+00:00;1.7064782E-007;31.5;24;0;0.0030433891
03.05.2003T00:00:00+00:00;1.6971072E-007;33.6;23;0.022933025;0.0030433891
04.05.2003T00:00:00+00:00;1.6787174E-007;35;24;0.00452755;0.0030433891
05.05.2003T00:00:00+00:00;1.641989E-007;37.3;26;0;0.0030433891
06.05.2003T00:00:00+00:00;1.6284392E-007;40;27;0;0.0030433891
07.05.2003T00:00:00+00:00;1.6091634E-007;38.3;27;0;0.0030433891
08.05.2003T00:00:00+00:00;1.5989118E-007;33;27;0;0.0030433891
09.05.2003T00:00:00+00:00;1.5662878E-007;32.1;23;0;0.0030433891
10.05.2003T00:00:00+00:00;1.5324036E-007;34;25;0;0.0030433891
11.05.2003T00:00:00+00:00;1.5108366E-007;35;25;0;0.0030433891
12.05.2003T00:00:00+00:00;1.4883268E-007;33.6;26;0.005019675;0.0030433891
13.05.2003T00:00:00+00:00;1.4766046E-007;33.8;26;0;0.0030433891
14.05.2003T00:00:00+00:00;1.4373516E-007;34.7;27;0;0.0030433891
15.05.2003T00:00:00+00:00;1.426933E-007;35;27;0;0.0030433891
16.05.2003T00:00:00+00:00;1.4245296E-007;37;28;0;0.0030433891
17.05.2003T00:00:00+00:00;1.4113648E-007;35.1;24;0;0.0030433891
18.05.2003T00:00:00+00:00;0.000000139;31.5;22;0;0.0030433891
19.05.2003T00:00:00+00:00;1.3852248E-007;29;23;0.03937;0.0030433891
20.05.2003T00:00:00+00:00;1.3649444E-007;31.8;25;0;0.0030433891
21.05.2003T00:00:00+00:00;1.3583E-007;34.7;23.8;0;0.0030433891
22.05.2003T00:00:00+00:00;0.000000135;31;24.8;0.022736175;0.0030433891
23.05.2003T00:00:00+00:00;1.3383218E-007;34.5;26.7;0;0.0030433891
24.05.2003T00:00:00+00:00;1.3343778E-007;35.4;24;0.005807075;0.0030433891
25.05.2003T00:00:00+00:00;4.596114E-005;32;24.1;0.1342517;0.0030433891
26.05.2003T00:00:00+00:00;9.64052E-005;33;26.7;0;0.0030433891
27.05.2003T00:00:00+00:00;0.0002707572;34.7;26;0;0.0030433891
28.05.2003T00:00:00+00:00;0.0007464388;33.6;26;0;0.0030433891
29.05.2003T00:00:00+00:00;0.0016354042;28;25;0.0358267;0.0030433891
30.05.2003T00:00:00+00:00;0.00367475;33.3;25.3;0;0.0030893209
31.05.2003T00:00:00+00:00;0.004365176;34;26;0.0098425;0.0030893209
01.06.2003T00:00:00+00:00;0.002482852;33;27;0;0.0030893209
02.06.2003T00:00:00+00:00;0.001718146;34.2;26;0;0.0030893209
03.06.2003T00:00:00+00:00;0.0014622946;32.8;26;0;0.0030893209
04.06.2003T00:00:00+00:00;0.0011858658;32.4;25;0.003248025;0.0030893209
05.06.2003T00:00:00+00:00;0.001112846;30.4;24;0.08602345;0.0030893209
06.06.2003T00:00:00+00:00;0.0019057656;37;27.2;0;0.0030893209
07.06.2003T00:00:00+00:00;0.003604232;36.6;28;0;0.0030893209
08.06.2003T00:00:00+00:00;0.003918684;37.5;28;0;0.0030893209
09.06.2003T00:00:00+00:00;0.003091122;38;28;0;0.0030893209
10.06.2003T00:00:00+00:00;0.002082906;38.2;26;0;0.0030893209
11.06.2003T00:00:00+00:00;0.0013636808;35;26;0.0267716;0.0030893209
12.06.2003T00:00:00+00:00;0.0011276432;33;26;0.021161375;0.0030893209
13.06.2003T00:00:00+00:00;0.0014845574;36.3;24;0.000295275;0.0030893209
14.06.2003T00:00:00+00:00;0.002150196;31;24;0.028051125;0.0030893209
15.06.2003T00:00:00+00:00;0.002446394;34.5;26;0;0.0030893209
16.06.2003T00:00:00+00:00;0.003006102;35.7;26;0;0.0030893209
17.06.2003T00:00:00+00:00;0.002561376;35;27;0;0.0030893209
18.06.2003T00:00:00+00:00;0.0016437986;36;27;0;0.0030893209
19.06.2003T00:00:00+00:00;0.0010275532;36.1;28;0;0.0030893209
20.06.2003T00:00:00+00:00;0.0006963578;35.9;25;0;0.0030893209
21.06.2003T00:00:00+00:00;0.0005050292;35.2;26;0.001279525;0.0030893209
22.06.2003T00:00:00+00:00;0.0003839932;30.3;25;0.0133858;0.0030893209
23.06.2003T00:00:00+00:00;0.0004476866;35.3;26.9;0.0661416;0.0030893209
24.06.2003T00:00:00+00:00;0.0006577308;36.2;27.7;0;0.0030893209
25.06.2003T00:00:00+00:00;0.0010657722;37.5;29;0;0.0030893209
26.06.2003T00:00:00+00:00;0.0009622782;37.4;29;0;0.0030893209
27.06.2003T00:00:00+00:00;0.0007811952;32.9;25;0.000295275;0.0030893209
28.06.2003T00:00:00+00:00;0.0006208172;29;25;0;0.0030893209
29.06.2003T00:00:00+00:00;0.0004962436;29.4;24;0.002263775;0.003005718
30.06.2003T00:00:00+00:00;0.0003994758;31.8;24.8;0.0224409;0.003005718
01.07.2003T00:00:00+00:00;0.0003301028;34.7;26.6;0;0.003005718
02.07.2003T00:00:00+00:00;0.0002713784;34.5;26;0;0.003005718
03.07.2003T00:00:00+00:00;0.0002258702;34.5;27;0;0.003005718
04.07.2003T00:00:00+00:00;0.0001923914;35.5;27.9;0;0.003005718
05.07.2003T00:00:00+00:00;0.0001675992;34.9;27;0;0.003005718
06.07.2003T00:00:00+00:00;0.0001479339;34.1;24;0;0.003005718
07.07.2003T00:00:00+00:00;0.0001282818;35;25;0.0188976;0.003005718
08.07.2003T00:00:00+00:00;0.0001099663;35;25;0;0.003005718
09.07.2003T00:00:00+00:00;9.630346E-005;36.1;27.6;0.00885825;0.003005718
10.07.2003T00:00:00+00:00;8.392238E-005;36.1;27.6;0;0.003005718
11.07.2003T00:00:00+00:00;7.340662E-005;31.9;26;0.000295275;0.003005718
12.07.2003T00:00:00+00:00;0.000064928;32.5;25;0.011122025;0.003005718
13.07.2003T00:00:00+00:00;5.794244E-005;34.5;26;0;0.003005718
14.07.2003T00:00:00+00:00;5.19837E-005;35;27;0;0.003005718
15.07.2003T00:00:00+00:00;4.672676E-005;35.7;27.7;0;0.003005718
16.07.2003T00:00:00+00:00;0.000042496;36;28;0;0.003005718
17.07.2003T00:00:00+00:00;3.89566E-005;36;28;0;0.003005718
18.07.2003T00:00:00+00:00;3.580626E-005;35.5;28;0;0.003005718
19.07.2003T00:00:00+00:00;3.298358E-005;36;25;0.002066925;0.003005718
20.07.2003T00:00:00+00:00;3.042822E-005;34.5;26.4;0;0.003005718
21.07.2003T00:00:00+00:00;2.827554E-005;36;27;0;0.003005718
22.07.2003T00:00:00+00:00;2.64207E-005;30;25;0.05531485;0.003005718
23.07.2003T00:00:00+00:00;0.0001081445;31;24;0.0645668;0.003005718
24.07.2003T00:00:00+00:00;0.0002812406;31;25;0.000492125;0.003005718
25.07.2003T00:00:00+00:00;0.00136262;28.3;25;0.0437007;0.003005718
26.07.2003T00:00:00+00:00;0.004345926;34.1;26.6;0.00098425;0.003005718
27.07.2003T00:00:00+00:00;0.004037776;33;27;0.00374015;0.003005718
28.07.2003T00:00:00+00:00;0.00221341;34.5;27;0;0.003005718
29.07.2003T00:00:00+00:00;0.0014341492;34.6;24;0.000295275;0.003005718
30.07.2003T00:00:00+00:00;0.0010365212;35.4;27.6;0;0.0026167042
31.07.2003T00:00:00+00:00;0.0007372202;36.7;28;0;0.0026167042
01.08.2003T00:00:00+00:00;0.0005350378;36.2;28;0;0.0026167042
02.08.2003T00:00:00+00:00;0.0003997002;35;27;0.005019675;0.0026167042
03.08.2003T00:00:00+00:00;0.00030943;35.5;26;0;0.0026167042
04.08.2003T00:00:00+00:00;0.0002456468;36.2;27.7;0;0.0026167042
05.08.2003T00:00:00+00:00;0.0001997712;36.7;28;0;0.0026167042
06.08.2003T00:00:00+00:00;0.0001651247;34.7;25;0;0.0026167042
07.08.2003T00:00:00+00:00;0.0001412531;30.4;24.7;0.0562991;0.0026167042
08.08.2003T00:00:00+00:00;0.0001201004;34.1;26;0;0.0026167042
09.08.2003T00:00:00+00:00;0.0001027959;34.3;27;0;0.0026167042
10.08.2003T00:00:00+00:00;8.981278E-005;33.5;25;0;0.0026167042
11.08.2003T00:00:00+00:00;8.029484E-005;31;26;0.010137775;0.0026167042
12.08.2003T00:00:00+00:00;7.365338E-005;34;27;0;0.0026167042
13.08.2003T00:00:00+00:00;8.680368E-005;33;26.2;0.016436975;0.0026167042
14.08.2003T00:00:00+00:00;7.93284E-005;33;27.7;0;0.0026167042
15.08.2003T00:00:00+00:00;7.538214E-005;33;24;0;0.0026167042
16.08.2003T00:00:00+00:00;9.031636E-005;29.3;25;0.001476375;0.0026167042
17.08.2003T00:00:00+00:00;0.0001209787;31;26;0.01437005;0.0026167042
18.08.2003T00:00:00+00:00;0.0001280479;33;26;0.01358265;0.0026167042
19.08.2003T00:00:00+00:00;0.0001406773;33.5;26;0.0035433;0.0026167042
20.08.2003T00:00:00+00:00;0.00030018;34;25;0.019685;0.0026167042
21.08.2003T00:00:00+00:00;0.000500055;34.1;25.5;0;0.0026167042
22.08.2003T00:00:00+00:00;0.0008579744;32;25;0.0007874;0.0026167042
23.08.2003T00:00:00+00:00;0.0014663036;30.7;25;0.05374005;0.0026167042
24.08.2003T00:00:00+00:00;0.003086468;33;25.7;0.002263775;0.0026167042
25.08.2003T00:00:00+00:00;0.00357638;34.3;24;0.003051175;0.0026167042
26.08.2003T00:00:00+00:00;0.002971986;31.1;23;0.12185015;0.0026167042
27.08.2003T00:00:00+00:00;0.005938572;35.5;24;0.040649525;0.0026167042
28.08.2003T00:00:00+00:00;0.012345892;33.8;24.3;0.00098425;0.0026167042
29.08.2003T00:00:00+00:00;0.013368544;31.7;25;0;0.0026167042
30.08.2003T00:00:00+00:00;0.007291584;32.2;25.8;0.004035425;0.0028641732
31.08.2003T00:00:00+00:00;0.003181494;34.3;23;0.0043307;0.0028641732
01.09.2003T00:00:00+00:00;0.001992143;31.7;24;0.02145665;0.0028641732
02.09.2003T00:00:00+00:00;0.0017255698;35;25;0;0.0028641732
03.09.2003T00:00:00+00:00;0.001931702;33.5;22;0;0.0028641732
04.09.2003T00:00:00+00:00;0.00158698;28.8;23;0;0.0028641732
05.09.2003T00:00:00+00:00;0.001793336;31.3;24;0.040846375;0.0028641732
06.09.2003T00:00:00+00:00;0.00281335;31.8;24;0.00452755;0.0028641732
07.09.2003T00:00:00+00:00;0.003274788;33.5;25;0.0035433;0.0028641732
08.09.2003T00:00:00+00:00;0.002460674;31.4;24;0.01358265;0.0028641732
09.09.2003T00:00:00+00:00;0.002769426;27;23;0.055806975;0.0028641732
10.09.2003T00:00:00+00:00;0.006194366;24.5;22;0.03681095;0.0028641732
11.09.2003T00:00:00+00:00;0.008498432;24.5;22;0.01712595;0.0028641732
12.09.2003T00:00:00+00:00;0.008128458;30;23;0.0224409;0.0028641732
13.09.2003T00:00:00+00:00;0.006390118;31;24;0.00098425;0.0028641732
14.09.2003T00:00:00+00:00;0.004927298;32;24;0.029822775;0.0028641732
15.09.2003T00:00:00+00:00;0.00383127;33.9;24.8;0;0.0028641732
16.09.2003T00:00:00+00:00;0.003327808;33.8;26;0;0.0028641732
17.09.2003T00:00:00+00:00;0.002252188;33.8;25;0;0.0028641732
18.09.2003T00:00:00+00:00;0.0013803214;34.4;25;0;0.0028641732
19.09.2003T00:00:00+00:00;0.0008875098;34.9;25;0;0.0028641732
20.09.2003T00:00:00+00:00;0.0006110816;34.8;25;0;0.0028641732
21.09.2003T00:00:00+00:00;0.000438145;33.2;25;0;0.0028641732
22.09.2003T00:00:00+00:00;0.0003229704;32.4;25;0;0.0028641732
23.09.2003T00:00:00+00:00;0.0002461194;30.3;22;0;0.0028641732
24.09.2003T00:00:00+00:00;0.0001930432;32;22;0;0.0028641732
25.09.2003T00:00:00+00:00;0.0001550955;32.5;23;0;0.0028641732
26.09.2003T00:00:00+00:00;0.0001272013;32.5;22;0;0.0028641732
27.09.2003T00:00:00+00:00;0.0001063503;33.1;24;0;0.0028641732
28.09.2003T00:00:00+00:00;9.008968E-005;34;25;0;0.0028641732
29.09.2003T00:00:00+00:00;7.751518E-005;33.5;25;0;0.0029869704
30.09.2003T00:00:00+00:00;6.720092E-005;31;24;0;0.0029869704
01.10.2003T00:00:00+00:00;5.897426E-005;32.3;23;0;0.0029869704
02.10.2003T00:00:00+00:00;5.20769E-005;33;22;0;0.0029869704
03.10.2003T00:00:00+00:00;4.642356E-005;32.7;24;0;0.0029869704
04.10.2003T00:00:00+00:00;4.158344E-005;29.2;24;0;0.0029869704
05.10.2003T00:00:00+00:00;3.755086E-005;31.5;24;0;0.0029869704
06.10.2003T00:00:00+00:00;3.397444E-005;30.7;23;0;0.0029869704
07.10.2003T00:00:00+00:00;3.107162E-005;32.1;23;0;0.0029869704
08.10.2003T00:00:00+00:00;0.000028341;31.5;24;0;0.0029869704
09.10.2003T00:00:00+00:00;2.598856E-005;31.5;25;0;0.0029869704
10.10.2003T00:00:00+00:00;2.40085E-005;33.7;25;0;0.0029869704
11.10.2003T00:00:00+00:00;0.0000222;34.8;25;0;0.0029869704
12.10.2003T00:00:00+00:00;2.05206E-005;35.5;26;0.00098425;0.0029869704
13.10.2003T00:00:00+00:00;1.9107752E-005;34.4;18;0.000492125;0.0029869704
14.10.2003T00:00:00+00:00;1.7859424E-005;24;19;0.01161415;0.0029869704
15.10.2003T00:00:00+00:00;1.672872E-005;27.8;19;0;0.0029869704
16.10.2003T00:00:00+00:00;1.5647346E-005;29;19;0;0.0029869704
17.10.2003T00:00:00+00:00;1.4632902E-005;30.2;19;0;0.0029869704
18.10.2003T00:00:00+00:00;1.375348E-005;29.7;19;0;0.0029869704
19.10.2003T00:00:00+00:00;1.2985734E-005;30;20;0;0.0029869704
20.10.2003T00:00:00+00:00;1.2264202E-005;30.2;22;0;0.0029869704
21.10.2003T00:00:00+00:00;1.1635562E-005;30.4;20;0;0.0029869704
22.10.2003T00:00:00+00:00;1.1034476E-005;30.1;21;0;0.0029869704
23.10.2003T00:00:00+00:00;1.0489916E-005;30.8;21;0;0.0029869704
24.10.2003T00:00:00+00:00;1.0038228E-005;31.2;22;0;0.0029869704
25.10.2003T00:00:00+00:00;9.58952E-006;30.5;22;0;0.0029869704
26.10.2003T00:00:00+00:00;9.12973E-006;30;20;0;0.0029869704
27.10.2003T00:00:00+00:00;8.696664E-006;30.3;22;0;0.0029869704
28.10.2003T00:00:00+00:00;8.280368E-006;28.7;20;0;0.0029869704
29.10.2003T00:00:00+00:00;7.894354E-006;28;22;0;0.0029869704
30.10.2003T00:00:00+00:00;7.565774E-006;29.6;21;0;0.0027591864
31.10.2003T00:00:00+00:00;7.260858E-006;29;19;0;0.0027591864
01.11.2003T00:00:00+00:00;6.956502E-006;30.5;21;0;0.0027591864
02.11.2003T00:00:00+00:00;6.654858E-006;31.9;22;0;0.0027591864
03.11.2003T00:00:00+00:00;6.394424E-006;31.2;22;0;0.0027591864
04.11.2003T00:00:00+00:00;6.140774E-006;31.7;22;0;0.0027591864
05.11.2003T00:00:00+00:00;5.9075E-006;31;22;0;0.0027591864
06.11.2003T00:00:00+00:00;5.684356E-006;31.4;21;0;0.0027591864
07.11.2003T00:00:00+00:00;5.47248E-006;31.8;22;0;0.0027591864
08.11.2003T00:00:00+00:00;5.269578E-006;31.6;22;0;0.0027591864
09.11.2003T00:00:00+00:00;5.07972E-006;31.5;23;0;0.0027591864
10.11.2003T00:00:00+00:00;4.886228E-006;27.1;18;0;0.0027591864
11.11.2003T00:00:00+00:00;4.723304E-006;25.4;17;0;0.0027591864
12.11.2003T00:00:00+00:00;4.566548E-006;28.7;14;0;0.0027591864
13.11.2003T00:00:00+00:00;4.404806E-006;26.3;16;0;0.0027591864
14.11.2003T00:00:00+00:00;4.260568E-006;28;18;0;0.0027591864
15.11.2003T00:00:00+00:00;4.121694E-006;28.4;20;0;0.0027591864
16.11.2003T00:00:00+00:00;0.000004007;29.4;19;0;0.0027591864
17.11.2003T00:00:00+00:00;3.89745E-006;28.7;19;0;0.0027591864
18.11.2003T00:00:00+00:00;3.801622E-006;25.1;19;0.000295275;0.0027591864
19.11.2003T00:00:00+00:00;3.697874E-006;31.3;20;0;0.0027591864
20.11.2003T00:00:00+00:00;3.59054E-006;31.7;22.7;0;0.0027591864
21.11.2003T00:00:00+00:00;3.49784E-006;26;19;0;0.0027591864
22.11.2003T00:00:00+00:00;3.421924E-006;24;17;0;0.0027591864
23.11.2003T00:00:00+00:00;3.337196E-006;24.5;18;0;0.0027591864
24.11.2003T00:00:00+00:00;3.25115E-006;27.7;18;0;0.0027591864
25.11.2003T00:00:00+00:00;3.172528E-006;27.4;19;0;0.0027591864
26.11.2003T00:00:00+00:00;3.094278E-006;28.2;18;0;0.0027591864
27.11.2003T00:00:00+00:00;3.027692E-006;23.7;17;0;0.0027591864
28.11.2003T00:00:00+00:00;2.965632E-006;23;16;0;0.0027591864
29.11.2003T00:00:00+00:00;2.893122E-006;23.8;12;0;0.0027591864
30.11.2003T00:00:00+00:00;2.82122E-006;24.5;14;0;0.0027591864
01.12.2003T00:00:00+00:00;2.772732E-006;24.3;17;0;0.0027591864
02.12.2003T00:00:00+00:00;2.716738E-006;25.1;18;0;0.0027591864
03.12.2003T00:00:00+00:00;2.656526E-006;25;17;0;0.0027591864
04.12.2003T00:00:00+00:00;2.58957E-006;26.6;17;0;0.0027591864
05.12.2003T00:00:00+00:00;2.531846E-006;28.7;18;0;0.0027591864
06.12.2003T00:00:00+00:00;2.475708E-006;27.1;19;0;0.0027591864
07.12.2003T00:00:00+00:00;2.430574E-006;23.7;16;0;0.0027591864
08.12.2003T00:00:00+00:00;0.000002387;18.8;14;0;0.0027591864
09.12.2003T00:00:00+00:00;2.346874E-006;16.5;13;0.0043307;0.0027591864
10.12.2003T00:00:00+00:00;2.300426E-006;16.4;13;0.00098425;0.0027591864
11.12.2003T00:00:00+00:00;2.25437E-006;18.4;14;0.000492125;0.0027591864
12.12.2003T00:00:00+00:00;2.211936E-006;20.2;13;0;0.0027591864
13.12.2003T00:00:00+00:00;2.173114E-006;23.1;10;0;0.0027591864
14.12.2003T00:00:00+00:00;2.137576E-006;22.5;10;0;0.0027591864
15.12.2003T00:00:00+00:00;2.09687E-006;23;9;0;0.0027591864
16.12.2003T00:00:00+00:00;2.059174E-006;22.5;10;0;0.0027591864
17.12.2003T00:00:00+00:00;2.023912E-006;23.1;10;0;0.0027591864
18.12.2003T00:00:00+00:00;1.9808608E-006;20.7;12;0;0.0027591864
19.12.2003T00:00:00+00:00;1.9523168E-006;21.7;9;0;0.0027591864
20.12.2003T00:00:00+00:00;1.9254794E-006;19.7;8;0;0.0027591864
21.12.2003T00:00:00+00:00;1.8925154E-006;20.5;8;0;0.0027591864
22.12.2003T00:00:00+00:00;1.8557456E-006;22.4;9;0;0.0027591864
23.12.2003T00:00:00+00:00;1.8241794E-006;23.7;11;0;0.0027591864
24.12.2003T00:00:00+00:00;1.797794E-006;21.6;16;0;0.0027591864
25.12.2003T00:00:00+00:00;1.7735226E-006;24.4;15;0;0.0027591864
26.12.2003T00:00:00+00:00;1.7509282E-006;24;15;0;0.0027591864
27.12.2003T00:00:00+00:00;1.7226942E-006;22.7;11;0;0.0027591864
28.12.2003T00:00:00+00:00;1.701288E-006;21.9;12;0;0.0027591864
29.12.2003T00:00:00+00:00;1.677943E-006;19;14;0;0.0027591864
30.12.2003T00:00:00+00:00;1.6611672E-006;23.2;14;0;0.0027591864
31.12.2003T00:00:00+00:00;1.6378776E-006;25.6;15;0;0.0027591864
